type,comment,x,y,faded
아,성벽위,23.65153847,58.23612384,FALSE
아,대장간 뒤쪽,24.4757143,57.03204221,FALSE
아,왕성 입구 위쪽,22.52527467,53.07285854,FALSE
도,미니게임 - (왕성 꼭대기) 시간내 비행하기,22.32000028,52.67207031,FALSE
아,원형돔 안에,21.67351649,54.23612384,FALSE
아,상점같은 작은건물 안쪽 엔피씨 뒤에,21.33538483,55.45461177,FALSE
아,길드의뢰소 왼쪽 옆길사이,21.90349659,56.38026012,FALSE
아,상인같은 NPC노점 뒤쪽,20.91451909,54.19614258,FALSE
아,왕성 첫시작지점 근처,19.07567303,56.6423584,FALSE
아,벤치있는 구석길 안쪽,22.48913457,57.10664411,FALSE
아,깃발 옆 화단 뒷공간,23.70067303,56.83521554,FALSE
아,요리하는곳 옆에 벤치있는 벽 윗공간,24.64298072,55.03521554,FALSE
아,연금술사 시노아 건물뒤쪽,26.15259728,55.56378697,FALSE
아,성당?건물 뒤쪽,27.3256742,52.34950126,FALSE
아,바로보임,35.81215445,55.29462612,FALSE
토,"(돌발임무) 부식된 기사 칼바로스 처치, 밤에만 출몰",35.23355807,55.3923584,FALSE
아,발굴상자 (삽자루 보임),34.7143273,55.07092983,FALSE
퀘,지역임무-요리요청,32.91596163,51.77171456,FALSE
달,나무계단바로 앞,34.24288471,51.02171456,FALSE
아,나무데크 위,33.74288471,51.62885742,FALSE
퀘,지역임무-헤리안의 부탁들어주기,34.36788471,50.64314314,FALSE
아,헤리안 있는 건물 왼쪽으로 돌아가면 바로 보임,34.26211548,50.27885742,FALSE
아,건물 뒷편 물가쪽에,36.84209318,50.91365172,FALSE
아,돌다리 아래쪽,37.72884532,48.82841177,FALSE
아,왕성올라가는 길 옆공간,21.99472549,54.74089605,FALSE
아,왕성내부 세리스있는방 2층,21.95296671,53.03591757,FALSE
아,왕성내부 칼시온 왕좌 뒷편,21.70913462,52.62128557,FALSE
아,왕성내부 에발트 있는방 안쪽,22.24759615,52.25699986,FALSE
아,풍차건물 뒤쪽,17.74681678,95.19221444,FALSE
아,물에 떠있음,15.89022416,94.86095029,FALSE
아,하피들 잡으면 획득가능,11.19471159,93.94428362,FALSE
아,정상에서 한칸 아래 발굴상자(삽보임),11.56634612,92.61761765,FALSE
아,정상에 올라가면 바로 보임,11.05352561,92.17714146,FALSE
퍼,발판퍼즐,14.57916651,91.80809384,FALSE
아,물위에 떠있음,16.34198702,88.86761765,FALSE
아,정상 올라오는길에 먹을 수 있음,10.25833326,89.49988374,FALSE
퀘,퀘스트-정체불명 유령 무덤찾기,17.49789103,93.95843534,FALSE
아,동굴 안쪽 바닥 근처,13.17324406,91.8336629,FALSE
아,동굴 안쪽 하피잡고 돌벽부시면 나옴,11.68494974,90.20633371,FALSE
아,주변 하피들 잡으면 먹을 수 있음,14.05953168,89.1752778,FALSE
아,돌벽부수면 상자나옴,12.97257516,89.64732749,FALSE
아,동굴에서 위쪽 구멍길 올라오면 바로있음,12.58795977,90.20633371,FALSE
달,퀘스트진행중 세리스가 결계해제하고 안쪽으로 쭉 들어가면 나오는 공간에 있음,11.81872901,90.85229644,FALSE
아,스토리 퀘스트 결계석봉인해제하러 갈 때 지하에서 획득가능,22.17774695,33.26347009,FALSE
아,주변몬스터 사냥후 획득가능,31.02554992,38.53551,FALSE
아,몬스터 사냥후 획득가능,34.4046708,37.7599998,FALSE
달,여신상 앞쪽바로,24.69532893,38.92061195,FALSE
달,엔피씨 옆 (바로 보임),42.08159394,49.49367227,FALSE
아,몬스터 처리후 획득,46.91675878,47.94265187,FALSE
토,돌발임무 킁킁이 처치 (여신석 주는 상자도 같이 있음),49.34113876,50.54409999,FALSE
아,천막 안에,52.44297806,48.08235879,FALSE
아,발굴 상자,53.19548642,46.85254513,FALSE
달,성문 성벽 위에,54.51939816,43.40770271,FALSE
퍼,발판기믹 상자,56.26363545,64.54398336,FALSE
아,돌무더기 부시기,55.52936972,64.77774959,FALSE
달,집안에,48.47808767,66.24961107,FALSE
아,보물지도들어있는 상자(근처 건물에서 지하로 들어가는 문을 통해 올 수 있음),51.27529046,66.49203531,FALSE
퍼,돌기둥 옮기는 퍼즐 (하나 막힌건 아리아 폭탄던지면 돌무더기 잔해 사라짐),48.98131989,86.22183913,FALSE
아,작은수풀사이에 있음,53.10559253,84.28090757,FALSE
아,발굴상자(건물잔해근처),50.18601211,83.83934913,FALSE
아,건물잔해 근처,50.50069742,83.2159725,FALSE
퀘,퀘스트 (유령)의뢰,50.6755226,83.74844004,FALSE
퍼,발판상자 (주변에 가만히 서있는 양 들어서 발판에 놓기),59.85611922,77.57675528,FALSE
아,"보물지도 상자(여신석, 달의열쇠들어있음)",60.67779754,79.0962358,FALSE
아,발굴상자 (찬란한 여신석 들어있음),59.13933601,78.70662541,FALSE
아,"보물지도 상자 (스토리 3장 끝낙고주는 보물지도, 류트 5성전무들어있음)",68.12534999,48.89545391,FALSE
아,바위 옆,65.66573563,33.61805309,FALSE
아,엔피씨들 뒷편 천막옆,66.7321692,31.48818296,FALSE
퍼,발판퍼즐 (천막 주변에 들수 잇는 돌있음),68.16573563,30.79987127,FALSE
아,주변몬스터 사냥후,66.24947501,26.76013025,FALSE
아,큰 나무 아래쪽에,65.74248201,27.13675363,FALSE
아,큰나무 근처 물가에,66.91381068,27.04584454,FALSE
아,주변몬스터 처리 후 ,67.22849599,25.85103934,FALSE
아,주변 몬스터 처치 후 ,67.79842777,21.46415572,FALSE
아,상자2개 - 건물 안쪽 계단으로 올라가다보면 중간층이랑 꼭대기에 상자 1개씩 있음,66.97027887,30.8471426,FALSE
퀘,퀘스트 - 심부름,38.13076846,33.37168983,FALSE
아,문열고 들어가면 건물안에,39.09230692,31.94311841,FALSE
아,상자2개 - 건물안쪽 계단 올라가다보면 중간층과 꼭대기층에 상자 각각있음,37.71118804,31.82623529,FALSE
달,건물 바로 앞에 있음,37.04685238,32.08597555,FALSE
아,문열고 들어가면 건물안에,37.09929993,33.540521,FALSE
아,나무 사이에,81.71666854,26.84698389,FALSE
아,,92.58547009,23.73714193,FALSE
아,수풀사이,92.35042735,22.03872923,FALSE
퀘,퀘스트 - 유령부탁(큰나무기준 2시방향쯤 언덕에 무덤있음),93.11965812,22.68952288,FALSE
달,큰나무 아래 (유령옆),93.67521368,22.78476097,FALSE
아,나무사이,93.66179637,24.64247582,FALSE
아,나무사이,94.0848733,25.39485677,FALSE
도,숨은 두더지 찾기,95.49512971,25.33771391,FALSE
아,큰나무 뿌리 사이,95.09769381,22.80438058,FALSE
달,워프 바로 옆,19.95969945,38.13403775,FALSE
아,"보물지도 상자 - 다리 아래 (스토리 4장 퀘스트도중 획득, 아리아 전용5성무기 들어있음)",13.09481618,38.50832201,FALSE
아,"상자 총3개 - 문열고 들어가서 왼쪽방에 1개, 오른쪽 계단올라가면 중간에1개, 꼭대기1개",20.49197296,38.35291816,FALSE
토,돌발임무-굶주린 톱날의 그놀 처치,25.18983527,83.84836874,FALSE
아,나무 그루터기옆 ,21.9206045,82.17489935,FALSE
도,미니게임 - 마멋 7마리 찾기,36.06620872,57.12530393,FALSE
아,동굴안쪽 몬스터 처치후,34.72275563,73.4208345,FALSE
퀘,지역임무 - 가방찾기,25.56634658,74.44583566,FALSE
아,몬스터 처치 후,31.35016026,82.19023786,FALSE
퀘,퀘스트 - ★3 콩소메 (멧되지고기+짐승고기+버섯 끓이기),29.58733974,79.51166643,FALSE
아,발굴상자 - 나무 옆,15.65336521,68.91940453,FALSE
퍼,발판기믹상자,18.85849341,70.32416643,FALSE
아,돌더미 부수면 나옴,19.29118572,68.10988072,FALSE
퀘,지역임무 - ★2 버섯스프,20.30080111,67.31226167,FALSE
퍼,기둥옮기는 퍼즐 - 아리아 폭탄던져서 잔해물 치우면 가능,16.51874982,66.41940453,FALSE
아,지하 소굴 나무 발판위에,15.65336521,68.50273786,FALSE
아,게임 처음 시작하면 지나가다 먹을 수 있음,11.29198722,66.945359,FALSE
아,돌무더기 부수면 나옴,12.65416671,67.56440662,FALSE
아,돌무더기 부수면 나옴,9.737500044,67.46916853,FALSE
아,성당입구 위로 올라가면 보임,26.11889587,54.14496797,FALSE
아,건물 꼭대기층,25.63394604,52.34372574,FALSE
아,건물 기둥 위쪽,21.07826105,53.50024869,FALSE
아,왕성 빙둘러쳐진 계단돌다보면 보임,21.94782627,51.43813689,FALSE
아,왕성 뒤쪽 계단 옆공간,22.8508363,51.72385117,FALSE
아,성당내부 여신상 뒤에,27.00083653,52.93515564,FALSE
퀘,지역임무 - 와그르무리 토벌,23.15919704,63.24186602,FALSE
퀘,지역임무 - 빨리바구니 심부름,24.29632078,62.88161758,FALSE
퀘,지역임무 - 호박3개 나르기,25.41672212,62.21081012,FALSE
아,집안에 상자,26.43678901,63.08037534,FALSE
퀘,지역임무 - 동생집에 곡식 놓고오기,25.86822714,61.54000267,FALSE
퀘,지역임무 - 고블린이 훔쳐간 곡식 찾아오기,26.88829403,62.83192813,FALSE
퀘,지역임무 - 파란옷 여자아이있는 집으로 곡식 나르기,27.33979905,63.62695919,FALSE
퀘,지역임무 - 숨은 세자매 찾기,26.6207355,63.62695919,FALSE
도,미니게임 - 파동 피하기,28.25953149,61.05553062,FALSE
아,몬스터 처리 후 ,32.16153872,67.95883218,FALSE
아,돌 무더기 부수기,33.45524501,65.91987114,FALSE
달,건물 꼭대기층,17.64615387,56.24195621,FALSE
아,원통건물 꼭대기층,17.07935225,53.44496373,FALSE
아,원형 아치건물 중앙,17.82834011,53.05398628,FALSE
아,원통건물 아래쪽 구석,16.59352229,53.46000132,FALSE
아,물위에 떠있음,16.56336024,51.7625558,FALSE
아,원통건물과 이어지는 아치위에,19.23542501,51.7775934,FALSE
아,원통건물 꼭대기층,18.68886631,51.61217986,FALSE
아,건물 안에,19.45809708,49.2813528,FALSE
아,몬스터 처치 후 ,74.8463545,25.35594051,FALSE
아,몬스터들 사이에 있음,73.49007919,24.96496307,FALSE
아,몬스터 뒤,77.97651901,21.64270662,FALSE
아,다리 끝에,75.83218841,18.19338324,FALSE
달,원통형 건물위,72.69453659,20.0430073,FALSE
달,원통형 건물 위,73.36255278,21.0505261,FALSE
달,원통형 건물 위,76.37874711,19.27609001,FALSE
아,동굴 안쪽 - 5장 퀘스트중 레이나 도우러 들어가는 동굴,79.43684072,11.60014997,FALSE
아,동굴안쪽 - 5장 퀘스트중 레이나 도우러 들어가는 동굴 안쪽,81.64331845,11.96105223,FALSE
아,"동굴안쪽 - 5장 퀘스트중 레이나 구하러 들어간 동굴, 몬스터 처치후 획득",82.67570712,10.15654141,FALSE
아,동굴안쪽-5장 퀘스트중 레이나도우러 들어간동굴에서 위로 올라가는 길 거미들 잡고 획득,82.77692169,11.01368427,FALSE
아,동굴안 2층?,81.68380428,9.705413589,FALSE
아,동굴안쪽 3층? 올라가는 길목,82.29109173,11.44977449,FALSE
아,발굴상자 - 동굴안쪽에서 3층? 올라가는 길목에 중간에 광석근처(랜턴보임),81.036031,11.87082712,FALSE
아,동굴안쪽 3층? 쯤 되는곳 입구 근처,79.19392574,10.65278201,FALSE
아,무너진성벽 앞쪽 다리 연결부 살짝 아래공간,79.78097028,9.991127875,FALSE
아,동굴 안쪽 레이나 있는층 한쪽 구석 (몬스터 처치후 획득),80.73238728,9.870827123,FALSE
토,돌발임무 - 이단의 인도자 브라하임처치 (5장 레이나 도와주는 위치에 나타남),80.10485692,10.78812036,FALSE
아,몬스터 처치 후 획득,87.67570712,15.75052591,FALSE
아,"보물지도 상자 - 스토리 5장 끝내면 주는 보물지도 (달의열쇠, 보물지도, 카스텔라 전용 5성무기 들어있음)",88.08056542,15.35954847,FALSE
퀘,지역임무 - 동료구하기,87.59473546,16.56255599,FALSE
아,몬스터 처치 후,78.52611217,17.83293255,FALSE
아,몬스터 처치 후,80.69210408,17.65248142,FALSE
아,몬스터 처치 후 ,79.76092999,18.66000022,FALSE
달,원통형 건물 꼭대기,79.19412837,18.49458669,FALSE
아,입구 들어가자마자 왼쪽,82.27105145,18.17879721,FALSE
아,몬스터 처치 후 ,82.59493809,17.63744383,FALSE
아,몬스터 처치 후,79.35607169,16.10360924,FALSE
아,몬스터 처치 후,77.51396643,15.66751902,FALSE
토,돌발임무 - 무너지는 대지 그롬카르 처치,75.61113242,15.44195511,FALSE
아,"보물지도상자-스토리5장 끝내고 받은 보물지도위치의 상자에서 나온 보물지도 (달의열쇠1, 여신석1, 4성무기1)",23.86016468,62.39204002,FALSE
달,엔피씨 뒤쪽,18.04505484,51.69428611,FALSE
도,미니게임-시간안에 비행으로 도착하기,37.20329704,76.0344886,FALSE
퍼,발판퍼즐,10.10989011,60.27387596,FALSE
퀘,지역임무 - 고블린토벌후 가방가져오기,9.587912088,61.4167331,FALSE
아,고블린 부락 들어간후 왼쪽,11.0989011,63.09020249,FALSE
아,작은 나무 첨탑 아래,10.85164835,63.76367188,FALSE
아,주변 모든 몬스터 처치 후 획득,10.26062263,64.70884487,FALSE
퀘,지역임무 - 부족 용사 바쉬 처치,8.038644689,62.3658522,FALSE
아,몬스터 근처 작은 바위 앞,7.124542125,63.68558009,FALSE
퀘,지역임무 - ★3 육회 제공,5.018315018,64.882859,FALSE
퍼,발판퍼즐,2.802197802,65.44068213,FALSE
아,돌무더기 부수기,2.509157509,64.69238281,FALSE
아,바위 뒤쪽 물가에 나무 데크 위 ,1.46978022,68.21143076,FALSE
퀘,지역임무 - 나무궤짝 가져오기,2.678571429,66.1910226,FALSE
아,바위 옆 나무구조물아래,1.744505495,68.7517339,FALSE
아,몬스터 처치 후 ,1.236263736,69.38438696,FALSE
아,주변 몬스터 처치 후,3.365384615,68.3932657,FALSE
달,건물 뒤편,4.532967033,67.53612285,FALSE
아,주변 몬스터 처치 후,2.129120879,70.88306162,FALSE
아,보물지도 상자,4.89010989,74.53887815,FALSE
달,보물지도 상자 근처,4.450549451,74.76336794,FALSE
아,풍차 아래,18.21266968,60.14000131,FALSE
아,다리 아래,20.63348416,59.98874081,FALSE
아,물속에,21.85520362,60.50974921,FALSE
아,물가 모래사장에,21.74208145,59.56857274,FALSE
아,몬스터 처치 후 ,12.8959276,59.45092568,FALSE
아,몬스터 처치 후,16.01809955,62.62739627,FALSE
아,몬스터 처치 후,17.0361991,63.28285846,FALSE
아,발굴상자 - 랜턴과 삽자루 보임,26.47058824,62.07277442,FALSE
아,몬스터 처리 후,18.68778281,63.95512736,FALSE
달,에오나 유산있는 꼭대기 부서진 벽뒤에 있음,18.52941176,67.65260636,FALSE
아,몬스터 처리 후,19.18552036,65.8374803,FALSE
아,돌무더기 부수기,18.00904977,64.71142988,FALSE
퀘,지역임무 - 곰인형 찾아주기,36.55272459,86.60761951,FALSE
달,건물 뒷편 벽앞,37.69054511,85.73857189,FALSE
달,나무다리 아래,39.38926306,86.66714332,FALSE
아,건물 뒤쪽,39.62964767,84.50047666,FALSE
아,몬스터 처리 후,41.82516049,86.53619094,FALSE
아,배올라가서 문열고 들어가면 있음,38.57195536,88.22666713,FALSE
아,배 가판위에 있음,39.4854169,88.51238142,FALSE
도,미니게임 - 마멋 잡기,33.84439126,85.01238142,FALSE
아,보물지도 상자,43.2354169,90.27785528,FALSE
달,건물안에 있음,42.27387844,90.18261719,FALSE
아,발굴상자 - 랜턴 삽자루 보임,41.64887844,89.21833147,FALSE
도,미니게임 - 시간내 비행완료 하기,41.50464767,89.742141,FALSE
퍼,발판퍼즐,43.34759639,88.95642671,FALSE
퀘,지역임무 - 생선배달,39.47740408,85.85214379,FALSE
퀘,지역임무 - ★2 해산물 플래터,39.60560921,87.03071522,FALSE
아,몬스터 처치 후,37.93894254,81.31476121,FALSE
퍼,발판퍼즐,33.1953528,80.77904692,FALSE
새,아주 작은 나무 위,38.33958357,80.54095168,FALSE
아,발굴상자 - 폐건물 우물 옆,40.79150665,80.57666597,FALSE
아,건물 뒷편,41.41650665,80.89809454,FALSE
아,주변 몬스터 처리 후,41.400481,82.57666597,FALSE
아,큰나무 아래쪽,42.90689126,84.54095168,FALSE
퍼,발판퍼즐 - 나무기둥 쓰러트려서 하나 해결해야함,42.93894254,83.68380883,FALSE
아,부서진 수레 옆에 있음,44.66971177,83.18380883,FALSE
아,몬스터 처리 후,46.68894059,83.12428502,FALSE
토,돌발임무 - 점화자 스닉락 처치[상자있음] (아래쪽 동굴),49.17291495,84.76714216,FALSE
퀘,지역임무 - 점화자 스닉락 처치 (아래쪽 동굴),50.02227392,84.95761835,FALSE
아,(아래쪽 동굴) 주변 몬스터 처치 후,49.26906879,84.08857073,FALSE
아,(아래쪽 동굴) 몬스터 처치 후 ,47.23381238,84.88618978,FALSE
토,돌발임무 - 기회주의자 그리믹 처치[상자있음] (지형 아래쪽),50.08637648,86.19571359,FALSE
아,아래쪽으로 내려가는 길목에 있음,45.41426439,86.69654483,FALSE
아,돌무더기 부수기,44.93349515,86.92273531,FALSE
아,물위에 떠있음,43.17740416,73.35881115,FALSE
아,물속에 있음,43.60721099,72.75738235,FALSE
퀘,지역임무 - ★2 해산물 세비체,41.31554432,75.38833473,FALSE
달,던전 맞은편에 ,40.54631355,76.43595378,FALSE
아,작은 목재구조물에,41.34759561,74.12642997,FALSE
아,돌무더기 부수기,42.69374945,76.91214425,FALSE
아,발굴상자,44.40977635,78.86440313,FALSE
퀘,지역임무 - 나무상자 회수,44.18541737,78.50726028,FALSE
아,발굴상자,46.94182763,77.60249837,FALSE
아,배아래 물속 그물망에 상자,47.98349429,77.20964123,FALSE
아,나무 구조물들 사이,43.35208404,78.82868885,FALSE
아,부서진 수레 옆,38.78477635,77.50726028,FALSE
아,몬스터 처리 후,37.26234045,79.0310698,FALSE
아,동굴 안에 상자,35.60993684,79.82678804,FALSE
아,몬스터 처치 후 (위쪽 지형),35.17724453,79.70774042,FALSE
아,"보물지도 상자 - 바위부족기지 던전내부 상자에서 획득 (여신석1, 달의열쇠1, 류트5성전무 들어있음)",12.17032967,69.51142977,FALSE
아,낡은 집 앞 무서진 수레 옆,23.76510997,50.34836874,FALSE
아,발굴상자,26.39615405,49.3622449,FALSE
도,미니게임 - 마멋 5마리 찾기,25.68186833,49.72959184,FALSE
새,발굴상자 건물잔해 위쪽,26.39615405,48.93367347,FALSE
퀘,지역임무 -재료 찾아오기,42.00302124,50.58836894,FALSE
아,발굴상자 - 큰나무 옆,40.43708717,53.99653221,FALSE
아,쓰러진 돌기둥 안쪽,45.43708717,50.221022,FALSE
퀘,지역임무 - 병사3명에게 이야기전하기,41.67335091,49.58836894,FALSE
도,미니게임 - 마멋 5마리 찾기,41.39862564,50.77204241,FALSE
아,상자근처 엔트 1마리 처치 후,87.77472527,28.64428462,FALSE
새,큰나무 중간쯤 올라가면 있음,94.25824176,22.58306137,FALSE
새,큰나무 중간쯤 올라가면 있음,93.94143698,23.13987038,FALSE
토,돌발임무 - 미치광이 쿠아쿠 처치,47.18408971,56.83545556,FALSE
아,몬스터 처치 후,45.20856524,56.39389712,FALSE
아,원형 나무건물 가운데,47.39702985,54.61636313,FALSE
퍼,기둥 미는 퍼즐,46.90751936,52.486493,FALSE
아,돌무더기 부수기,47.97395293,51.2916878,FALSE
아,상자 주변에 몬스터 있음,48.20122565,52.46051897,FALSE
아,돌무더기 부수기,49.32010677,53.62935014,FALSE
아,몬스터 처치 후,49.07535153,55.92805144,FALSE
아,돌무더기 부수기,49.42500188,57.39558391,FALSE
아,몬스터 처리 후 ,52.06486202,55.14883066,FALSE
도,미니게임 - 시간내 비행하기,45.21016551,59.53163365,FALSE
아,몬스터 처치 후,45.51089556,59.03547596,FALSE
아,나무 옆,45.2544853,58.79738072,FALSE
아,몬스터 처치 후,39.61762844,73.12321545,FALSE
아,돌무더기 부수기 ,39.07275665,74.39702497,FALSE
퍼,발판퍼즐,40.17852588,74.26607259,FALSE
아,위쪽지형에 있음,40.54711562,73.05178688,FALSE
아,부서진 수레앞 (위쪽지형),38.04711562,72.06369164,FALSE
아,풍차 뒤쪽에 한단 내려온 지형에 있음,37.50224382,70.53988211,FALSE
새,풍차건물 벽타고 올라가다보면 있음,37.00544895,71.31369164,FALSE
퀘,지역임무 - 풍차위에 배낭찾기,37.181731,71.45654878,FALSE
아,풍차건물에서 아래쪽으로 내려오는 길목에 부서진 수레근처에 있음,34.6016028,71.39702497,FALSE
아,몬스터 처치 후,33.89647459,73.70654878,FALSE
아,몬스터 처치 후,34.72900586,77.33250209,FALSE
아,나무 옆,33.67131355,77.18964495,FALSE
아,돌무더기 부수기,36.95961585,76.84237816,FALSE
아,몬스터 처치 후,38.16153893,75.91380673,FALSE
아,발굴상자 - 집 옆 밭,37.98525688,74.84237816,FALSE
퀘,지역임무 - 나무통 회수,36.84743637,73.3304734,FALSE
퀘,지역임무 - 해골머리 루카키 처치 (이거먼저 받고 돌발을 해야함 안그럼 버그나서 보상이 안들어옴),35.61089736,70.10464332,FALSE
새,나무 위,36.28397428,69.46178618,FALSE
아,몬스터 처치 후,36.70064095,69.91416713,FALSE
토,돌발임무 -해골머리 루카키 처치 (최초 보상상자 있음),36.39615377,71.02130999,FALSE
아,물위에 떠있음,37.98269223,69.21178618,FALSE
아,주변 몬스터 처치 후,39.1044871,71.03321475,FALSE
아,몬스터 처치 후,36.92499992,67.94988142,FALSE
아,발굴상자,33.09487172,67.7355957,FALSE
아,돌무더기 부순 후,33.06282043,69.99750047,FALSE
아,건물 뒤쪽,47.64652015,66.41768973,FALSE
아,몬스터 처치 후 ,50.95283292,61.11368509,FALSE
아,몬스터 처치 후,48.28076814,60.16631667,FALSE
아,수풀 사이에,50.62894628,60.21142945,FALSE
아,수풀에 살짝 가려져 있음,52.87590984,60.31669261,FALSE
아,몬스터 처치 후,52.59250903,61.14376028,FALSE
퍼,발판퍼즐 - 바위하나 안보일경우 알렉스E스킬 써서 고정후 캐릭변경해서 완료,51.29696248,59.0986475,FALSE
아,몬스터 처치 후,53.33846243,62.09052661,FALSE
퀘,지역임무 - 나무상자 회수,55.20081061,63.02285744,FALSE
아,몬스터 처치 후,53.60162032,64.67699277,FALSE
아,기둥 구조물 꼭대기,44.06923116,60.23864838,FALSE
아,돌무더기 부수기,44.04898825,59.21609199,FALSE
아,수풀로 가려져 있음,43.25951457,58.55443785,FALSE
아,쓰러진 나무 옆,41.98421092,60.85518973,FALSE
아,폭포 아래 몬스터 처치 후,43.17854291,62.49428748,FALSE
아,큰나무 옆,43.60364412,63.75744537,FALSE
아,몬스터 처치 후,37.99635667,59.80255815,FALSE
아,돌무더기 부수기,38.86680201,59.95293409,FALSE
아,나무 사이에,40.28380606,59.12586642,FALSE
아,몬스터 처치 후,36.4174093,59.35143033,FALSE
아,돌무더기 부순후 안쪽에,36.63319947,57.52556318,FALSE
아,몬스터 처치 후,34.58866382,57.2248113,FALSE
아,몬스터 처치 후,36.53198366,61.19473611,FALSE
새,상자옆,92.239819,23.50453814,FALSE
새,건물지붕,74.24637876,24.38890781,FALSE
새,건물지붕,74.42737424,25.31327756,FALSE
아,거위 돌아다니는 물가 근처,30.2737179,55.21380906,FALSE
아,다리 밑,30.42329055,57.08682493,FALSE
아,물속 작은 동굴안,26.26303388,58.51158699,FALSE
도,미니게임 - 시간내에 비행하기,22.88012839,49.80142842,FALSE
새,큰나무 위,25.57243608,47.35698397,FALSE
아,돌무더기 부수기,25.40149591,46.83317445,FALSE
아,나무천막 아래,25.74337625,46.26174588,FALSE
아,몬스터 처치 후,21.04252155,46.56333318,FALSE
아,나무 천막 아래,23.47841899,43.45222207,FALSE
아,몬스터 처치 후,24.09807711,43.72206334,FALSE
도,마멋 - 시간안에 비행하기,31.34166685,44.30936492,FALSE
아,동굴 안쪽 바위 부수기 (입구는 포탈근처),22.51688052,44.83317445,FALSE
아,나무 천막 아래,20.55106856,35.24587286,FALSE
아,몬스터 처리 후,19.3972224,34.00777762,FALSE
아,몬스터 처치 후,72.73379148,20.59857178,FALSE
아,입구 오른쪽 나무벽에,73.20082444,19.94551055,FALSE
아,몬스터 처치 후,74.49203324,20.12918402,FALSE
아,몬스터 처치 후  ,76.03049477,19.76183708,FALSE
아,원형 감시탑 뒷편,76.74478049,19.65979627,FALSE
아,돌무더기 부수기,28.60467009,46.48755132,FALSE
아,다리 끝쪽 데크 위,33.02774702,46.28346969,FALSE
아,발굴상자,33.54972504,48.85489826,FALSE
퍼,발판퍼즐,32.78049427,48.9977554,FALSE
아,목조 창고 안쪽,32.3134613,46.77326561,FALSE
아,부두 끝,30.19807669,48.9977554,FALSE
달,목조건물 안쪽,30.58269207,48.26306152,FALSE
아,지형 꼭대기 제일 끄트머리,37.12115361,46.18142887,FALSE
아,아래쪽,35.63763713,47.48755132,FALSE
아,목장 모닥불 근처 울타리에,28.45503045,65.86714457,FALSE
퀘,지역임무 - 엘리 양 찾아주기,29.06153933,65.90011161,FALSE
아,큰나무 옆 창고건물 안쪽,29.7420127,65.71329842,FALSE
새,큰나무 위,29.56449791,66.04296875,FALSE
아,포탈 바로 옆,26.22130264,66.93307864,FALSE
아,몬스터 처치 후,25.95503045,65.97703468,FALSE
아,몬스터 처리 후,28.98106502,68.21450571,FALSE
아,들판에 그냥 있음 (똥개들있으니 잡고 먹어야함),27.69408277,69.25846175,FALSE
아,몬스터 처치 후,28.92189342,71.08263758,FALSE
퍼,기둥 옮기기,29.01065082,71.54417604,FALSE
아,부서진 담벼락에,29.4840236,71.97274747,FALSE
아,몬스터 처치 후,21.74733721,66.96175846,FALSE
아,몬스터 처치 후,23.74437863,67.23648373,FALSE
아,몬스터 처치 후,22.45502991,65.28120707,FALSE
아,지형 끝에,15.55014797,58.65813337,FALSE
도,미니게임 - 시간내 마멋 10마리 잡기,15.31346157,59.31747403,FALSE
아,상자,21.14748532,68.46988753,FALSE
퀘,지역임무 - 피범벅 크래즐 처치,19.0025149,72.92043698,FALSE
토,돌발임무 - 피범벅 크래즐 처치,19.44630188,72.54681061,FALSE
아,몬스터 처치 후 - 동굴 안쪽 모닥불 근처,19.96405336,73.21714028,FALSE
아,동굴 안쪽 돌발임무 최초 보상상자,19.94926046,73.61274468,FALSE
아,쓰러진 나무 근처,23.07056224,72.55779962,FALSE
아,몬스터 처치 후,21.10310662,72.88746995,FALSE
아,몬스터 처치 후 - 동굴 안쪽,21.5321007,74.16219523,FALSE
아,몬스터 처치 후,17.87825455,73.77757984,FALSE
아,??? 확실하지 않음,17.64156816,72.19516226,FALSE
아,??? 확실하지 않음,18.51434922,71.45889852,FALSE
아,발굴 상자 - 위쪽,20.82204153,74.6347227,FALSE
토,토벌임무 - 묻힌 칼날 레스카 처치 (임무만 뜨고 몬스터 안보임),20.89600603,74.1402172,FALSE
아,돌무더기 부수기,23.41079892,69.05230512,FALSE
아,수풀 사이 수레 옆,22.95221904,70.05230512,FALSE
퀘,지역임무 - 소냐 돕기,26.5321007,70.68966775,FALSE
아,상자,21.78357999,75.25010731,FALSE
도,미니게임 - 마멋 12마리 잡기,23.38121313,75.21714028,FALSE
아,쓰러진 나무 구멍 안,23.81020721,76.34900841,FALSE
퍼,발판퍼즐 - 발판 한개는 돌무더기 부숴야 함,23.14452674,77.32703039,FALSE
아,몬스터 처치 후,23.70665691,78.18417325,FALSE
아,몬스터 처치 후,25.96997052,77.59076666,FALSE
아,몬스터 처치 후,28.42781022,74.35571557,FALSE
아,몬스터 처치 후,28.01360903,73.2787925,FALSE
아,돌무덤 부수기,31.4159759,73.70736393,FALSE
아,부서진 수레 옆,29.55547355,75.3551629,FALSE
아,몬스터 처치 후,29.54068065,75.93758049,FALSE
아,몬스터 처치 후,29.30139822,78.18701172,FALSE
아,아래 상자먹고 위로 올라가면 상자있음,29.45874087,78.62857016,FALSE
아,몬스터 사냥 후 - 나무천막아래,28.54964997,79.75844029,FALSE
아,나무다리 아래,27.86783178,79.51168704,FALSE
아,몬스터 처치 후,26.69650311,79.55064808,FALSE
아,상자??? ,24.02167794,79.65454419,FALSE
아,몬스터 처치 후,26.79143305,81.4081841,FALSE
아,확실하지 않음... 상자 또는 달열쇠인지...,28.17255194,81.57701527,FALSE
아,나무 그루터기 옆,33.32989459,82.83675553,FALSE
아,쓰러진 나무 사이,35.68164319,84.19545201,FALSE
아,몬스터 처치 후,32.65716766,87.32532214,FALSE
아,나무 건물 가운데,30.10472011,84.8837637,FALSE
아,나무다리 끝단,29.51031451,83.93571175,FALSE
아,몬스터 처치 후,30.27954528,83.29934811,FALSE
아,언덕 꼭대기,31.3984264,85.33830915,FALSE
아,몬스터 처치 후,23.33898584,82.75389357,FALSE
아,몬스터 처치 후,23.54877605,81.70194552,FALSE
아,돌무더기 부수기,25.8914334,84.8837637,FALSE
아,몬스터 처치 후,25.22709773,85.07856889,FALSE
아,몬스터 처치 후,24.03828654,85.37727019,FALSE
아,몬스터 처치 후,25.94388095,82.81882863,FALSE
아,언덕 끄트머리,26.60821661,82.42921824,FALSE
아,몬스터 처치 후,22.04527955,83.9876598,FALSE
아,발굴상자 - 파수자의 보물지도 들어있음,20.61171312,85.84480266,FALSE
아,"보물지도 상자 - 달열쇠1, 4성 카르마1 (요새 꼭대기 부근)",55.6703621,38.86520976,FALSE
달,부서진 벽 앞,27.17036183,87.36857438,FALSE
아,큰나무 옆,24.22918535,87.755129,FALSE
아,큰나무 옆,23.50520345,86.7131122,FALSE
아,바닥 물가쪽 돌위에,20.06628943,88.59546514,FALSE
도,미니게임 - 시간내 비행하기 (하늘기둥 바위산 워프 근처로 이동함),20.58665142,88.47781808,FALSE
퍼,기둥 옮기기,25.74502246,86.61227186,FALSE
아,아래쪽 동굴 안에,25.06628943,89.11647354,FALSE
아,동굴 앞 나무천막 아래,25.33778264,89.43580127,FALSE
아,돌더미 근처,28.1432125,90.4946248,FALSE
아,작은 돌섬에,25.54140255,92.74672564,FALSE
아,바다물 위에 떠있음,30.76764689,94.8643727,FALSE
퍼,발판퍼즐,33.77669667,90.84756598,FALSE
아,배 아래쪽 물속 그물망안에,31.71787314,97.17647059,FALSE
아,몬스터 처치 후,30.04366499,89.69747899,FALSE
퀘,지역임무 - 나무통 옮기기,26.54094989,90.90823595,FALSE
아,돌무더기 부수기,34.14275985,88.05109309,FALSE
아,나무 앞,48.58235217,87.74958147,FALSE
새,위쪽 연결부위,59.64839837,43.7342849,FALSE
아,연결부위 성쪽,59.19968043,43.30571347,FALSE
아,화톳불 옆 천막에,59.03942402,42.30571347,FALSE
새,꼭대기 끄트머리에 매달려 있음,60.69547489,41.71865563,FALSE
도,미니게임 - 마멋 15마리 잡기,59.02126675,40.94554638,FALSE
아,꼭대기에 ,61.35260949,40.28571429,FALSE
아,성벽 젤 위에,59.5668952,37.35714286,FALSE
새,성벽위,58.97623586,36.95918367,FALSE
새,꼭대기 부근,57.46524685,38.39795918,FALSE
아,요새 꼭대기,57.05315894,38.36734694,FALSE
새,요새 꼭대기,57.50645564,38.75510204,FALSE
도,"미니게임 - 파동 피하기 (캐릭터를 벽쪽에 붙이고 마멋을 주시한 채로 점프와 회피로 공략, 회피는 벽쪽으로)",58.06964245,39.42857143,FALSE
새,꼭대기 공간에 있음,53.17953256,39.7755102,FALSE
아,성벽에 달려있는 나무데크 위에,54.34711498,41.67346939,FALSE
도,미니게임 - 마멋 5마리 찾기,59.09986223,40.01020408,FALSE
도,미니게임 - 시간내 비행하기,56.87458751,38.70408163,FALSE
아,다리밑 물에 떠있음,65.39945162,38.90898039,FALSE
퍼,발판퍼즐,65.50934173,39.73891236,FALSE
새,꼭대기 부근,69.98333494,38.55102041,FALSE
아,꼭대기 부근,70.05659502,38.2244898,FALSE
아,돌무더기 부수기,65.53763589,43.59142817,FALSE
퍼,발판 퍼즐,7.475961538,76.34143066,FALSE
아,돌무더기 부수기,6.753125007,66.64214216,FALSE
퀘,유령 - 무덤찾기,7.8829327,66.01714216,FALSE
도,미니게임 - 시간내 비행하기,8.315625007,67.24928502,FALSE
아,연못? 중간에,8.36370193,65.96357073,FALSE
아,발굴상자 - 큰나무 뒤 언덕 끝,11.84927885,65.58857073,FALSE
아,발굴상자 - 무덤뒤쪽,5.551923077,68.98999895,FALSE
아,물속에 - 작은 암초 3개 중앙에,7.811538462,71.11499895,FALSE
도,미니게임 - 시간내 비행하기,7.932692308,73.82928467,FALSE
아,암초에 좌초된 작은배 옆,13.125,73.52571324,FALSE
아,물속 - 내려가다보면 중간쯤 무너진 아치형 돌기둥 위에,16.70673077,77.22214181,FALSE
아,물속 - 바닥까지 내려가면 돌잔해물위에 있음,15.84134615,76.70428467,FALSE
아,발굴 상자,6.442307692,74.79357038,FALSE
퀘,지역임무 - 배낭찾기,6.274038462,74.20428467,FALSE
아,돌무더기 부수기,5.144230769,75.54357038,FALSE
아,물어 떠있는 부러진 나무 속,3.461538462,75.57928467,FALSE
아,쓰러진 나무 구멍 안에,34.36225891,62.63749913,FALSE
아,나무 천막 아래,32.00648968,61.8339277,FALSE
아,부서진 수레 옆,31.23725891,59.15535627,FALSE
아,수레 옆,29.04975891,59.4589277,FALSE
아,상자,32.10264353,54.74464199,FALSE
아,발굴 상자,36.06898968,53.69107056,FALSE
아,나무 창고 안에,36.81105834,51.50964355,FALSE
새,나무위,41.82142768,62.78313005,FALSE
아,상자,41.43681229,64.59265386,FALSE
퍼,기둥 옮기는 퍼즐 (지하에 - 입구는 현위치 6시방향 아래쪽으로 조금 내려가면 큰나무 옆 잔해물에 구멍있음),43.01190387,64.2525178,FALSE
새,나무 위,44.1732598,66.38489849,FALSE
아,상자,43.86190449,68.76585087,FALSE
퍼,발판 퍼즐,44.02673966,67.99034067,FALSE
도,미니게임 - 시간내 비행하기,47.08534772,68.57537468,FALSE
도,미니게임 - 마멋 5마리 찾기,45.40036603,67.22843591,FALSE
아,상자,48.01941365,64.69782366,FALSE
아,몬스터 처치 후,42.68974332,67.99034067,FALSE
아,발굴 상자,62.26501688,66.57932079,FALSE
아,몬스터 처치 후,63.96831359,65.98068134,FALSE
아,몬스터 처치 후,64.82087858,64.41755022,FALSE
아,큰나무 옆,40.34743536,63.4610903,FALSE
아,몬스터 처치 후,39.35842437,64.26381138,FALSE
아,돌무더기 부수기,39.04706906,64.56313111,FALSE
아,몬스터 처치 후,38.71739873,65.61075016,FALSE
퀘,지역임무 - 마물 사냥 돕기,39.65146466,66.60394744,FALSE
아,쓰러진 나무 앞,42.80164782,66.69918553,FALSE
아,발굴 상자,53.19548642,46.85254513,FALSE
아,발굴상자 - 동굴안쪽에서 3층? 올라가는 길목에 중간에 광석근처(랜턴보임),81.036031,11.87082712,FALSE
아,발굴상자,26.39615405,49.3622449,FALSE
아,발굴상자,33.54972504,48.85489826,FALSE
아,지형 끝쪽,42.31573358,68.97065239,FALSE
아,나무 옆,39.38349406,68.51452637,FALSE
도,미니게임 - 마멋 15마리 잡기,36.57900688,65.97881208,FALSE
퍼,기둥 옮기기,34.23926329,64.95500256,FALSE
아,보물지도 상자 있는곳 아래 물에 빠지면 보임,50.88564203,66.07790644,FALSE
아,작은 돌섬위 나무 앞,57.03948818,66.70647786,FALSE
아,물속에,57.42410357,70.02076358,FALSE
아,상자,54.73179587,67.31600167,FALSE
새,나무 위,45.25718024,54.54800037,FALSE
아,상자,43.00076998,56.45276228,FALSE
새,나무위 ,43.84027127,52.66621668,FALSE
아,다리 밑쪽,46.7452492,43.93798418,FALSE
아,수면 약간 아래 물속나무 가지 사이에 껴있음,50.31990983,44.07243796,FALSE
새,작은 돌섬위,50.953394,43.71949678,FALSE
아,돌무더기 부수기,52.51855082,43.59428752,FALSE
아,몬스터 처치 후,57.54117526,45.12369928,FALSE
아,몬스터 처치 후,58.53665037,46.97243878,FALSE
아,몬스터 처치 후,58.08416168,49.5774808,FALSE
아,부서진 수레 안,56.22895806,49.51025391,FALSE
새,나무 위 새알2개,56.74932005,48.53546399,FALSE
새,나무 첨탑 위,52.6995463,47.61109424,FALSE
퍼,발판 퍼즐 - 발판에 붙어있는 수풀 치우면 돌나옴,53.76289471,47.09008584,FALSE
아,나무첨탑 아래,50.52760059,46.72033794,FALSE
아,몬스터 처치 후,57.85791734,52.88840517,FALSE
새,작은 목재 구조물 위,57.63167299,53.42622029,FALSE
도,미니게임 - 파동 피하기,56.22895806,53.64470769,FALSE
아,발굴 상자,54.871492,52.85479172,FALSE
아,몬스터 처치 후,56.16108476,50.95563206,FALSE
아,나무 옆,58.62714811,51.39260685,FALSE
아,수면에 떠있는 상자들 사이에,60.75384494,52.36739676,FALSE
아,수풀들 베어내면 상자 보임,61.83981779,50.63630433,FALSE
아,동굴안쪽 - 몬스터 처치 후,62.29230648,48.26840287,FALSE
아,동굴 안쪽 - 돌무더기 부시기,62.81266847,47.91546169,FALSE
퀘,지역임무 - 동료구하는거 돕기,63.10678888,49.59613396,FALSE
아,몬스터 처치 후,59.02013442,56.22941012,FALSE
퀘,지역임무 - ★3 오블렛,61.05859817,57.37462251,FALSE
새,나무위,60.69660722,57.67714351,FALSE
달,건물 뒤편,60.06312306,57.34100906,FALSE
아,발굴 상자,63.23054387,58.73596704,FALSE
아,수풀사이,60.3572407,58.21495864,FALSE
아,작은 나무창고 뒤에,58.28324203,58.07020289,FALSE
아,몬스터 처치 후,59.0524728,60.74367227,FALSE
아,큰나무들 사이,56.37326754,55.07671596,FALSE
아,큰나무 옆,54.45019062,54.20528739,FALSE
아,몬스터 처치 후,52.75788293,52.16243025,FALSE
아,부서진 수레 안,52.77711369,50.5195731,FALSE
아,몬스터 처치 후,54.25788293,52.04814453,FALSE
아,돌무더기 부수기,57.25528815,57.86035738,FALSE
퍼,발판 퍼즐 - 수풀베어내면 돌나옴,58.90592917,59.8841669,FALSE
아,몬스터 처치 후(위쪽),57.5943893,63.18071638,FALSE
새,큰나무 위,58.66810725,61.90690685,FALSE
아,상자,58.46778674,61.27000209,FALSE
도,미니게임 - 시간내 비행하기,59.17291495,62.10333543,FALSE
아,상자,50.83012899,57.26392764,FALSE
퀘,지역임무 - 망루3개 보초병상태보고,54.96474437,57.00202288,FALSE
아,망루 문열고 들어가면 안에 있음,54.50000078,56.57345145,FALSE
아,망루 문열고 들어가면 있음,54.86859053,57.56154669,FALSE
달,천막 앞,55.76602642,57.14488002,FALSE
아,망루 문열고 들어가면 안에 있음,56.03846232,56.28773717,FALSE
아,나무 쌓아둔곳 뒤에 ,54.61218027,58.60916574,FALSE
아,상자,55.28525719,60.93059431,FALSE
아,상자,56.00641104,62.50202288,FALSE
아,몬스터 처치 후,57.68910335,64.10916574,FALSE
아,몬스터 처치 후,60.28525719,63.29964193,FALSE
아,상자,60.25320591,60.89488002,FALSE
아,몬스터 처치 후,62.27243668,62.34726097,FALSE
아,몬스터 처치 후,58.29807771,64.60916574,FALSE
아,몬스터 처치 후,58.37820591,63.93059431,FALSE
아,돌무더기 부순 후,59.41987258,63.15678478,FALSE
아,나무 세그루 가운데,61.51297936,64.09976051,FALSE
아,나무 아래,62.57067167,63.96880813,FALSE
아,발굴상자,67.28221013,64.4449986,FALSE
아,상자,67.34631269,64.06404622,FALSE
아,몬스터 처치 후,69.84631269,63.11166527,FALSE
아,몬스터 처치 후,66.1750011,60.945359,FALSE
토,돌발임무 - 굶주린 사냥개 스나크 처치 (첫 처치 보상 상자 있음),67.55320622,59.71916853,FALSE
아,다리 끝 수풀에,69.49230879,58.73107329,FALSE
아,몬스터 처치 후,68.32243699,56.945359,FALSE
아,몬스터 처치 후,66.41538571,57.98107329,FALSE
아,몬스터 처치 후,66.19102674,57.38583519,FALSE
아,몬스터 처치 후,64.79679597,56.60012091,FALSE
아,몬스터 처치 후,63.52900578,53.48892648,FALSE
아,상자,62.55144168,55.34606934,FALSE
아,몬스터 처치 후,65.19567245,51.98892648,FALSE
아,물가에 부서진 수레 옆,64.98733912,50.83416748,FALSE
아,몬스터 처치 후,64.15400578,50.33416748,FALSE
아,몬스터 처치 후,68.28862117,50.857977,FALSE
아,꼭대기 에오나유산 근처,66.87772311,56.92642648,FALSE
아,몬스터(하피) 처치 후,66.55721029,56.52166457,FALSE
아,발굴 상자,68.86490259,55.67642648,FALSE
퍼,발판 퍼즐,68.0475949,55.59309315,FALSE
아,위에서 내려오면서 보면 귀퉁이쪽에 보임,68.45291907,57.46344866,FALSE
아,발굴 상자,68.90384745,56.79349792,FALSE
아,물가 배옆에 ,70.34947079,55.74916295,FALSE
아,발굴상자,69.99138061,55.16788216,FALSE
아,몬스터 처치 후,69.10278644,54.24177378,FALSE
아,수풀사이,65.12069095,54.41231623,FALSE
퀘,지역의뢰 - 아가씨 구하기,65.94297212,54.24482855,FALSE
아,나무 옆 (위쪽),62.44188097,47.53333488,FALSE
아,몬스터 처치 후,62.31367584,46.83492219,FALSE
새,나무 위 2개,62.91196644,45.62857298,FALSE
아,바위 옆,65.1769237,45.20000155,FALSE
도,미니게임 - 시간내 비행하기,66.24529977,44.43809679,FALSE
퀘,지역임무 - 꿰둟는 젝타르 처치,65.28376131,46.83492219,FALSE
토,돌발임무 - 꿰뚫는 잭타르 처치 (최초 처치 보상상자 있음),66.13846216,45.97777933,FALSE
아,발굴 상자,67.2709408,45.23174758,FALSE
아,몬스터 처치 후,70.81794934,43.96190631,FALSE
아,나무 근처,67.05726558,46.75555711,FALSE
퍼,발판 퍼즐,68.10427413,48.2476206,FALSE
아,나무 아래,70.32649635,48.77143012,FALSE
아,몬스터 처치 후,70.26239379,50.80317615,FALSE
아,몬스터 처치 후,71.43760746,52.59682695,FALSE
아,몬스터 처치 후,72.3777784,49.91428726,FALSE
토,돌발임무 - 뼈씹는 크래팰 처치,23.62051287,45.46222408,FALSE
아,상자 2개 - 몬스터 처치 후,23.62051287,45.8749225,FALSE
도,미니게임 - 마멋 15마리 잡기,19.83846159,43.82730345,FALSE
퍼,발판퍼즐 - 돌하나는 큰나무 위에 있음,19.85982911,42.31936694,FALSE
아,몬스터 처치 후,17.8512821,41.50984313,FALSE
아,몬스터 처치 후 (똥개3마리 멀리 나가있음 잡아야함),17.93675219,45.85904948,FALSE
퍼,건물 옆 언덕 올라가면 있음,42.29395604,80.98408103,FALSE
퀘,지역임무 - 배낭찾기,41.88186813,80.26979532,FALSE
아,몬스터 처치 후,43.31043956,79.55550961,FALSE
도,미니게임 - 마멋 5마리 찾기,17.38564124,37.4449521,FALSE
아,쌓인 상자 옆,19.00102586,39.27352353,FALSE
아,망루 위,19.63461538,39.54857236,FALSE
아,모닥불 옆,17.50641026,39.52952474,FALSE
아,원형 기둥 중앙 연결부 위에,17.17307692,38.57714379,FALSE
새,나무 위,19.78846154,40.67238188,FALSE
아,부서진 풍차 건물 위,16.01923077,34.82476283,FALSE
퀘,지역임무 - 동료구하는거 돕기,16.86538462,34.02476283,FALSE
토,돌발임무 - 재간둥이 뭉차차 처치,16.07051282,32.71047712,FALSE
아,건물 잔해 사이,15.96794872,32.32952474,FALSE
아,몬스터 처치 후,14.96794872,32.63428664,FALSE
아,몬스터 처치 후,15.19871795,31.37714379,FALSE
아,부서진 건물 잔해 사이,14.42948718,31.47238188,FALSE
아,부서진 풍차 위,14.86538462,31.8914295,FALSE
아,풍차 위 - 좀더 높은곳에서 날아와야 함,15.09615385,33.77714379,FALSE
아,부서진 풍차 위,17.04487179,31.72000093,FALSE
아,몬스터 처치 후,18.32134599,30.7227138,FALSE
새,나무 위,14.6290383,30.50842808,FALSE
아,몬스터 처치 후,20.05211522,30.87985665,FALSE
아,몬스터 처치 후,20.66749984,33.13699951,FALSE
아,몬스터 처치 후,21.78288445,32.79414237,FALSE
토,돌발임무 - 불꽃 송곳니 브로카르 처치 (최초 처치 보상상자 있음),19.74442291,34.43699951,FALSE
아,부서진 풍차 위,20.24389207,35.69680607,FALSE
아,부서진 풍차 위,18.68280609,35.66319262,FALSE
아,부서진 풍차 아래 상자2개,18.41131288,35.19260439,FALSE
아,몬스터 처치 후 (나무다리 아래쪽),19.33891469,32.89008338,FALSE
아,동굴 안쪽 (입구는 유산포탈 아래쪽 이나 여신상 근처 동굴입구),18.8185527,33.25983128,FALSE
새,나무 위,23.97692374,38.41949514,FALSE
퍼,발판퍼즐,32.95882419,36.11697413,FALSE
퍼,기둥 옮기는 퍼즐 - 입구는 근처에 돌로 지어진 건물에 있음,30.15339433,40.3858817,FALSE
아,신상근처 부서진 기둥 위에,25.69638075,38.63798254,FALSE
새,나무 위,24.72353007,41.36067161,FALSE
아,몬스터 처치 후,26.646607,41.15899094,FALSE
달,다리 끝 상자더미옆,29.56515903,42.46991531,FALSE
퀘,지역임무 - 아가씨 구하기,31.7823536,41.86487329,FALSE
아,몬스터 처치 후,34.02217261,41.22621783,FALSE
아,몬스터 처치 후,32.03122238,40.30184808,FALSE
아,몬스터 처치 후,34.15791921,39.76403296,FALSE
아,몬스터 처치 후,33.66018166,41.78083968,FALSE
도,미니게임 - 파동피하기,38.0945708,41.88168002,FALSE
아,발굴 상자,38.7506794,41.32705817,FALSE
도,미니게임 - 시간내 비행하기,41.89547578,39.84806657,FALSE
아,아래 물가쪽 나무 옆,41.60705045,32.747142,FALSE
아,몬스터 처치후,40.30363164,36.42968169,FALSE
아,몬스터 처치 후,39.04294788,37.57253883,FALSE
아,몬스터 처치 후,41.00875985,38.38333178,FALSE
아,허름한 나무창고 아래,41.50021284,37.62142702,FALSE
새,나무 꼭대기,40.30918741,37.47777739,FALSE
퀘,지역임무 - 동료구하는거 돕기,40.26645237,39.00158691,FALSE
도,미니게임 - 시간내 비행하기,43.30615234,42.88190569,FALSE
퍼,기둥 옮기기,47.38307542,42.12000093,FALSE
아,나무 망루 꼭대기,45.20358824,42.19619141,FALSE
아,몬스터 처치 후,43.71640875,38.36761998,FALSE
퀘,지역임무 - 유령무덤 찾아주기,44.15230619,33.67009626,FALSE
퍼,기둥 옮기는 퍼즐,45.6651267,30.73676293,FALSE
새,작은 나무위,47.53692157,31.13676293,FALSE
퍼,발판퍼즐 - 돌로만든 성문 위,46.69076773,34.37485817,FALSE
아,물속 - 물위에 꽃잎으로 동그라미 되있는곳 아래,53.3574344,34.12723912,FALSE
아,몬스터 처치 후,47.04974209,30.31771531,FALSE
아,돌무더기 부수기,47.3574344,36.0129534,FALSE
아,발굴상자,47.23178138,33.60060062,FALSE
아,몬스터 처치 후,70.34914718,32.53174603,FALSE
아,몬스터 처치 후,70.69102752,29.88095238,FALSE
아,부러진 나무 옆,62.85811987,25.4065077,FALSE
아,몬스터 처치 후,62.0888891,23.58111088,FALSE
아,몬스터 처치 후,60.48632499,19.83507913,FALSE
아,부서진 수레 옆,63.0931626,18.05730135,FALSE
아,몬스터 처치 후,64.95213696,17.8033331,FALSE
도,미니게임 - 시간내 비행하기 (완료지역이 진입금지라 바로 팅김 나중에 하는걸 추천함),60.31538482,17.05730135,FALSE
아,몬스터 처치 후,65.87094038,15.05730135,FALSE
아,몬스터 처치 후,68.45641047,17.93031723,FALSE
아,돌산 꼭대기,66.23418824,20.64460294,FALSE
아,꼭대기에서 내려오면 바로 있음,66.4905985,20.16841247,FALSE
아,돌산 나무길 내려오는 길목에 있음 (몬스터 있음),67.25982927,20.93031723,FALSE
아,몬스터 처치 후 ,64.48205149,22.37476167,FALSE
아,몬스터 처치 후 - 돌아다니는 경비병도 처리해야함,65.10170961,23.83507913,FALSE
아,몬스터 처치 후,63.56324807,24.1049204,FALSE
아,몬스터 처치 후,64.52478653,25.54936485,FALSE
토,돌발임무 - 산성 점액 드라젤 처치,68.32820534,24.29539659,FALSE
아,몬스터 처치 후 (늪지 바닥),68.49914551,24.72396802,FALSE
아,나무 옆 (늪지 바닥),70.1871797,25.15253945,FALSE
아,쓰러진 나무 사이,71.29829081,28.56523786,FALSE
아,바닥에,65.83824745,20.16793581,FALSE
아,큰나무 두개 사이,68.33824745,22.12031676,FALSE
아,지하 퍼즐과 같이 있음,67.2912389,23.04095168,FALSE
퍼,기둥 옮기는 퍼즐 - 입구는 이 위치에서 3시방향 큰나무 두개있는곳에 구멍,67.26987138,22.46952311,FALSE
아,나무있는 언덕의 큰나무 옆,60.58610965,21.09396895,FALSE
아,몬스터 처치 후,72.17521472,32.43571351,FALSE
아,발굴 상자,78.71025411,30.07872954,FALSE
아,나무 두개 사이,76.16751907,30.61841208,FALSE
퍼,기둥 옮기기 - 잔해물은 부시면됨 (아리아폭탄이 좋음),78.98803189,29.66603113,FALSE
새,부서진 건물 위,78.62478403,29.26920573,FALSE
아,"상자2개 - 부서진 건물 위 1개, 1층 한개",78.88119429,28.87238033,FALSE
도,미니게임 - 시간내 비행하기,78.96666437,28.2374597,FALSE
아,지하 젤 바닥 - 몬스터 처치 후 (브라하임 나오는 위치),79.38632541,10.94714307,FALSE
아,산 중턱,81.78611299,14.48920647,FALSE
아,산 꼭대기 직전,81.33739504,12.75904774,FALSE
퍼,"기둥 옮기기 - 무너진 성역으로 워프후 오른쪽 정면에 보이는 돌건물로 날아가서 2층에 있음, 사이틈새 막 비비고 캐릭변경하다보면 들어가짐",79.47842068,12.34634932,FALSE
아,퍼즐건물 1층에 상자,79.13654034,12.07650805,FALSE
아,퍼즐있는곳 안쪽,79.75619846,12.60031758,FALSE
아,"상자2개 - 일반상자1개, 그롬카르 최초 처치 보상상자1개",74.80106712,15.38174584,FALSE
아,몬스터 처치 후,85.90406108,18.93158734,FALSE
아,천막 아래,82.10064228,19.83634925,FALSE
퍼,발판 퍼즐,86.18183886,23.48714193,FALSE
아,상자,89.05982906,25.62190561,FALSE
아,고목 옆,89.57264957,27.8123818,FALSE
아,몬스터 처치 후,84.87179487,30.71714371,FALSE
아,상자,83.76170895,30.25602466,FALSE
아,상자,87.94732441,25.77614883,FALSE
아,나무들 가운데,88.46571906,23.54012398,FALSE
아,몬스터 처치 후,88.52884615,21.18638044,FALSE
아,몬스터 처치 후,88.81089744,18.49114235,FALSE
달,첨탑 꼭대기,74.05161746,14.51278159,FALSE
달,첨탑 꼭대기,78.15085387,21.13269818,FALSE
아,큰나무 위,38.22663527,48.24878627,FALSE
아,니니안 퀘스트할때 생겨있음,33.56703287,52.20265167,FALSE
퀘,지역임무 - 요리사 부탁들어주기 (니니안퀘스트 후에 나타남),32.93516473,51.22305983,FALSE
퀘,지역임무 - ★2구운고기 (니니안 퀘스트후 생김),33.4568904,51.79500035,FALSE
새,큰나무 위,49.27087972,58.78061224,FALSE
새,큰나무 위,46.38626434,66.08673469,FALSE
새,큰나무 위,44.32582478,64.55612245,FALSE
새,큰나무 위,42.45769291,63.59693878,FALSE
감,,91.4968552,20.97389598,FALSE
새,지붕위,23.96747254,52.61367486,FALSE
새,건물 구조물 위,20.20373627,54.34836874,FALSE
새,나무 구조물 위,18.74769232,51.87898099,FALSE
새,나무위 ,39.74450583,66.17979711,FALSE
아,상자(길목에),87.78434334,21.69857103,FALSE
감,,87.61494112,22.58999936,FALSE
감,,87.09718964,24.99659276,FALSE
감,,87.67411271,26.0295598,FALSE
감,,87.88121331,26.79879056,FALSE
아,나무 몬스터 처치 후,86.47588786,27.39219716,FALSE
감,,85.79541449,27.49109826,FALSE
감,,81.75695295,25.27131804,FALSE
감,,86.50177544,29.47560472,FALSE
감,,82.52432486,30.83199986,FALSE
감,,83.09290959,28.65919713,FALSE
아,나무 몬스터 처치 후,83.40540959,28.57883998,FALSE
감,,80.62896729,28.19491141,FALSE
감,,77.47992882,27.4181257,FALSE
감,,76.49218633,29.95883833,FALSE
감,,72.42103577,30.32535662,FALSE
감,,69.82163649,30.16196333,FALSE
추,,73.87355511,25.39937483,FALSE
아,여신상 둘러싸고 있는 원형 돌담 사이,72.86393973,26.42616054,FALSE
감,,73.38076665,23.51544625,FALSE
새,건물 꼭대기 바로 밑,66.74340552,31.04299366,FALSE
새,중간쯤 원형공간에,68.94633646,37.8556448,FALSE
아,바깥쪽 성벽위에서 건너오면 있음,58.58209915,38.50120997,FALSE
새,요새 중간쯤 높이,58.52292755,38.7319792,FALSE
회,,53.6354704,44.92111158,FALSE
회,,52.28931655,45.71396794,FALSE
새,나무 위,58.44316271,50.41238064,FALSE
새,부서진 잔해 위,64.81858995,47.14809648,FALSE
새,나무 위,58.37585449,54.74507844,FALSE
새,나무 위,44.41816281,48.80142842,FALSE
아,바위 뒤,43.00213675,54.79682462,FALSE
기,,46.14316239,53.14603097,FALSE
기,,46.67735043,53.63809446,FALSE
추,,47.36111111,53.71745954,FALSE
새,나무 위,37.44487273,35.06285652,FALSE
새,꼭대기 부근,38.04316333,31.99936446,FALSE
새,큰나무 위,44.15427444,32.71365017,FALSE
새,나무위 낮은위치,47.39854241,32.78334985,FALSE
새,길옆 나무위,47.18945373,34.5827648,FALSE
새,나무위,47.9338706,35.13576019,FALSE
새,나무 위,47.76017333,36.50903208,FALSE
새,나무 위,39.11310527,39.36476159,FALSE
새,나무 위,27.15480804,40.78583345,FALSE
회,,26.75416702,40.11916678,FALSE
새,부서진 풍차 꼭대기 기둥 끝,20.28782086,35.53392973,FALSE
새,풍차 중간쯤,19.55064138,34.18869164,FALSE
새,돌건축물 꼭대기,16.95448753,38.06964402,FALSE
새,부서진 풍차 꼭대기 기둥 끝,15.97692343,35.01012021,FALSE
새,나무 위,17.35432649,40.81166585,FALSE
추,,14.59455123,62.01095145,FALSE
추,,14.51442303,62.37999907,FALSE
퀘,지역임무 - 니니안 의뢰 (침식처리),45.77527392,39.79469268,FALSE
회,,35.99254902,45.74491228,FALSE
추,,25.85724015,87.26487001,FALSE
회,,21.28846175,87.49077973,FALSE
회,,21.49825196,86.32194856,FALSE
회,,21.28846175,85.32194856,FALSE
회,,30.1192309,88.39857067,FALSE
추,,29.45262135,71.56727501,FALSE
망,,67.16790399,49.13261045,FALSE
망,,67.47294378,48.22620651,FALSE
망,,68.71962813,48.38384198,FALSE
망,,80.34213982,10.28223566,FALSE
망,,79.92407961,10.80397479,FALSE
망,,79.20501607,10.80397479,FALSE
망,,82.88394584,10.44372634,FALSE
망,,82.66655453,11.2387574,FALSE
망,,80.24180537,12.0834779,FALSE
망,,80.65986557,12.10832262,FALSE
망,,79.10468162,10.53068287,FALSE
추,,88.7076959,16.07093119,FALSE
아,새알위치 위쪽 나뭇가지 위,93.94538225,22.52138871,FALSE
아,꼭대기 바로아래 무지개 수정위,93.45087676,22.37444994,FALSE
기,,91.5937339,24.08873565,FALSE
기,,91.53878885,24.64383769,FALSE
기,,93.62670094,24.34996014,FALSE
기,,92.19812951,21.68057239,FALSE
도,미니게임 - 마멋 5마리 찾기,37.63391668,34.06740184,FALSE
망,,23.66538415,45.91675439,FALSE
망,,23.57797156,45.98168945,FALSE
추,,46.26249812,51.47471401,FALSE
퀘,지역임무-니니안,64.30222731,46.96992481,FALSE
도,미니게임 - 마멋 5마리 찾기 (작은 나무창고 안),23.94959485,63.89804467,FALSE
추,,9.886346083,64.27792969,FALSE
추,,10.40557685,64.10650112,FALSE
토,돌발임무 - 부족용사 바쉬 처치,7.167813691,63.39624207,FALSE
회,,2.649839719,66.37606957,FALSE
기,,1.951602564,65.30785552,FALSE
기,,1.999679487,64.99833171,FALSE
회,,2.97724359,66.90309361,FALSE
추,,2.097090799,67.8347633,FALSE
회,,3.74775641,68.70381092,FALSE
회,,2.946474359,68.7395252,FALSE
기,,4.663461538,72.31000047,FALSE
회,,4.455128205,74.73857189,FALSE
회,,4.054487179,74.66714332,FALSE
회,,4.423076923,73.94095285,FALSE
기,,6.650641026,74.20285761,FALSE
기,,7.227564103,73.71476237,FALSE
아,물에 떠있음,8.317307692,73.75047666,FALSE
퀘,지역임무-놀잡고 창찾아주기,41.90269118,50.16943011,FALSE
망,,19.10236697,72.21945291,FALSE
망,,19.64955618,72.25922905,FALSE
망,,20.10813606,72.83065762,FALSE
망,,19.84186387,73.42406422,FALSE
망,,19.72352067,73.0064818,FALSE
기,,25.12292896,75.0064818,FALSE
기,,26.77973369,76.5119763,FALSE
기,,26.6761834,75.06142685,FALSE
추,,25.11659325,84.07061543,FALSE
추,,24.70115427,83.8679269,FALSE
추,,26.88086642,87.9172154,FALSE
추,,27.17894334,87.78864397,FALSE
기,,25.47201546,90.54059229,FALSE
기,,27.0370022,91.24995189,FALSE
아,작은 바위섬 근처 물속,57.64562308,87.8671875,FALSE
망,,47.39230581,85.10164621,FALSE
망,,47.67115197,85.13736049,FALSE
망,,50.35221041,86.52850167,FALSE
망,,50.58297964,86.33564453,FALSE
망,,43.23663565,79.5594308,FALSE
망,,43.99365469,80.39428711,FALSE
회,,41.14365328,80.40535714,FALSE
회,,40.58596098,80.25535714,FALSE
기,,41.51740441,74.96664342,FALSE
망,,37.67529183,71.65895986,FALSE
망,,36.31752123,70.87523768,FALSE
추,,46.05082418,56.38122309,FALSE
추,,46.46237377,56.81925708,FALSE
추,,54.62269005,65.01057129,FALSE
회,,56.85934213,57.52469308,FALSE
달,유산(바람개비) 해금하는 기믹 옆,67.67380934,58.64353808,FALSE
추,,67.47692525,59.41473802,FALSE
추,,65.59783936,55.2166966,FALSE
아,망루 문열고 들어가면 있음,42.98551948,50.58336069,FALSE
퀘,지역임무-니니안,33.62533915,67.93310957,FALSE
퀘,지역임무 - 니니안,45.74004437,58.04924255,FALSE
퀘,지역임무 - 니니안,29.38981967,80.12386752,FALSE
추,,45.10769274,85.5108817,FALSE
추,,29.57912068,71.71959204,FALSE
회,,18.76172188,70.90489477,FALSE
회,,19.32948745,70.36067708,FALSE
망,,21.48662972,73.97578524,FALSE
망,,21.0653843,73.88054714,FALSE
망,,21.10201434,74.35673762,FALSE
기,,45.15897534,59.34761639,FALSE
기,,46.05641124,59.81020142,FALSE
기,,46.7157519,61.40203816,FALSE
기,,46.45934164,61.61972523,FALSE
망,,22.30995489,38.48621939,FALSE
망,,22.33257932,37.88117737,FALSE
기,,21.47285082,36.2005051,FALSE
기,,21.94796394,36.09966477,FALSE
망,,20.19354808,35.46599132,FALSE
망,,20.14392029,35.23557658,FALSE
망,,19.98878186,34.31607201,FALSE
망,,20.88621775,34.48273868,FALSE
회,,27.33832391,40.86969368,FALSE
기,,79.57669772,10.68739537,FALSE
기,,80.47036287,9.956302931,FALSE
기,,81.64683346,11.55294159,FALSE
기,,81.00203708,11.88067268,FALSE
아,"던전안 상자 - 도적단의 보물지도, 달열쇠1개",17.91602567,72.84825304,FALSE
아,던전 안 상자 - 달열쇠1개,38.69903858,73.77452451,FALSE
아,던전 안 상자 - 달열쇠1개,22.15750005,68.3101423,FALSE
아,던전 안 상자 - 달열쇠1개,36.3201919,55.32071359,FALSE
아,던전 안 상자 2개 - 달열쇠2개,47.22163567,58.36928449,FALSE
아,던전 안 상자2개 - 달열쇠 2개,57.54374871,65.38410732,FALSE
아,던전 안 상자4개 - 달열쇠 4개,17.18942312,29.11124965,FALSE
아,"보물지도상자 - 고블린도적단동굴 던전에서 획득한 지도 (여신석1, 달열쇠1, 4성카르마)",37.18368424,76.3297822,FALSE
아,"던전 안 상자 - 경계자의 보물지도, 달열쇠1",32.91307655,39.016762,FALSE
아,"경계자의 보물지도 상자 - 망루 꼭대기 (여신석1, 달열쇠1)",38.84615385,32.03891303,FALSE
도,미니게임 - 마멋 15마리 잡기,74.9375474,16.6703404,FALSE
아,망루 아래,74.28846283,14.59103439,FALSE
감,,74.14257424,14.85704424,FALSE
감,,72.48766345,19.88374336,FALSE
추,,75.44522313,20.47487637,FALSE
추,,75.93593931,20.40591085,FALSE
아,던전 안 상자 - 달열쇠1개,66.94777269,21.51954961,FALSE
아,던전 안 상자 - 달열쇠1개,86.81417241,30.49187911,FALSE
아,던전 안 상자2개 - 달열쇠 2개,76.24979737,16.91353383,FALSE
아,던전 안 상자 - 달열쇠1개,79.69882927,9.596273292,FALSE
새,,42.16923137,61.35469149,FALSE
새,,44.36703357,62.19142618,FALSE
새,,46.72967093,62.98734455,FALSE
새,,40.74065994,66.64040577,FALSE
새,,41.12527533,64.74244659,FALSE
새,,47.27912148,63.94652822,FALSE
새,,48.26813247,66.17101802,FALSE
새,,39.66923137,60.78326291,FALSE
새,,38.02087972,66.00775271,FALSE
새,꼭대기 바로 아래 난간,16.59120874,56.52816087,FALSE
새,,16.86593402,53.54856904,FALSE
아,엠버상단 건물 꼭대기,20.13516478,56.52816087,FALSE
새,왕성 메인건물 옆으로 뻣어나온 기둥건물 꼭대기,21.70109885,52.89550781,FALSE
새,원통형 기둥건물 꼭대기,26.6461538,51.77305883,FALSE
새,나무위,14.3956044,59.60979353,FALSE
새,큰나무 위,6.126373626,64.44897959,FALSE
새,섬에 있는 나무 위,11.67582418,68.28571429,FALSE
새,나무 위,5.960714287,75.02755301,FALSE
새,아래 몬스터들 있는 나무 위,33.2865386,71.5744878,FALSE
새,,34.05576936,69.53367148,FALSE
새,,36.0376379,80.98816167,FALSE
새,,31.91675878,80.57999841,FALSE
새,숲길 옆에 있는 나무 위,33.5376379,77.27387596,FALSE
아,나무 옆,35.21346208,78.78408004,FALSE
새,큰나무 위,35.48818735,79.1922433,FALSE
아,언덕 거의 끝 부분 나무 옆,37.136539,79.92693718,FALSE
새,유산(바람개비) 근처 돌담 위,28.03983584,81.62081473,FALSE
아,새알있는 나무 아래,31.74862704,80.74326371,FALSE
새,죽어가는 나무 위에 2개,27.36565894,86.35918567,FALSE
새,돌언덕에 붙어 있는 집 지붕 끝단,37.03598861,84.80816526,FALSE
새,퍼즐부근 큰바위 위 ,48.97499839,86.9112225,FALSE
새,등대 꼭대기,42.27170169,90.15612046,FALSE
회,,43.20576762,89.50305923,FALSE
회,,43.45302037,89.97244699,FALSE
새,등대 올라가는 계단 왼쪽 아래 나무위,43.01345993,90.6867327,FALSE
아,돌무더기 부수기,42.1892841,90.6867327,FALSE
아,등대 바로 아래 발굴상자 (랜턴과 삽보임),41.80466872,90.36020209,FALSE
새,돌섬 위,41.52994345,91.54387556,FALSE
아,큰배 옆 작은배 아래 물속 그물안에 상자,38.83763743,89.78877352,FALSE
