Index,Region Code,Comment,X,Y,Faded
3,0,"성벽위",858,1810,false
3,0,"대장간 뒤쪽",888,1863,false
3,0,"왕성 입구 위쪽",817,2034,false
5,0,"마멋왕 도전(왕성 꼭대기) - 시간안에 날아서도착",810,2052,false
3,0,"원형돔 안에",786,1984,false
3,0,"상점같은 작은건물 안쪽 엔피씨 뒤에",774,1931,false
3,0,"길드의뢰소 왼쪽 옆길사이",795,1891,false
3,0,"상인같은 NPC노점 뒤쪽",759,1986,false
3,0,"왕성 첫시작지점 근처",692,1880,false
3,0,"벤치있는 구석길 안쪽",816,1859,false
3,0,"깃발 옆 화단 뒷공간",860,1871,false
3,0,"요리하는곳 옆에 벤치있는 벽 윗공간",894,1949,false
3,0,"연금술사 시노아 건물뒤쪽",949,1926,false
3,0,"성당?건물 뒤쪽",991,2066,false
3,0,"바로보임",1299,1938,false
2,0,"(돌발임무) 부식된 기사 칼바로스 처치 밤에만 출몰",1278,1934,false
3,0,"발굴상자 (삽자루 보임)",1259,1948,false
1,0,"퀘스트-요리요청",1194,2091,false
4,0,"나무계단바로 앞",1242,2123,false
3,0,"나무데크 위",1224,2097,false
1,0,"퀘스트-헤리안의 부탁들어주기",1247,2140,false
3,0,"헤리안 있는 건물 왼쪽으로 돌아가면 바로 보임",1243,2155,false
3,0,"건물 뒷편 물가쪽에",1337,2128,false
3,0,"돌다리 아래쪽",1369,2218,false
3,0,"왕성올라가는 길 옆공간",798,1962,false
3,0,"왕성내부 세리스있는방 2층",796,2036,false
3,0,"왕성내부 칼시온 왕좌 뒷편",788,2054,false
3,0,"왕성내부 에발트 있는방 안쪽",807,2070,false
3,0,"풍차건물 뒤쪽",644,208,false
3,0,"물에 떠있음",576,223,false
3,0,"하피들 잡으면 획득가능",406,263,false
3,0,"정상에서 한칸 아래 발굴상자(삽보임)",420,320,false
3,0,"정상에 올라가면 바로 보임",401,339,false
6,0,"발판퍼즐",529,355,false
3,0,"물위에 떠있음",593,483,false
3,0,"정상 올라오는길에 먹을 수 있음",372,455,false
1,0,"퀘스트-정체불명 유령 무덤찾기",635,262,false
3,0,"동굴 안쪽 바닥 근처",478,354,false
3,0,"동굴 안쪽 하피잡고 돌벽부시면 나옴",424,425,false
3,0,"주변 하피들 잡으면 먹을 수 있음",510,469,false
3,0,"돌벽부수면 상자나옴",471,449,false
3,0,"동굴에서 위쪽 구멍길 올라오면 바로있음",457,425,false
4,0,"퀘스트진행중 세리스가 결계해제하고 안쪽으로 쭉 들어가면 나오는 공간에 있음",429,397,false
3,0,"스토리 퀘스트 결계석봉인해제하러 갈 때 지하에서 획득가능",805,2893,false
3,0,"주변몬스터 사냥후 획득가능",1126,2664,false
3,0,"몬스터 사냥후 획득가능",1248,2698,false
4,0,"여신상 앞쪽바로",896,2648,false
4,0,"엔피씨 옆 (바로 보임)",1527,2189,false
3,0,"몬스터 처리후 획득",1702,2257,false
2,0,"돌발임무 킁킁이 처치 (여신석 주는 상자도 같이 있음)",1790,2144,false
3,0,"천막 안에",1903,2251,false
3,0,"발굴 상자",1930,2304,false
4,0,"성문 성벽 위에",1978,2453,false
6,0,"발판기믹 상자",2041,1537,false
3,0,"돌무더기 부시기",2015,1527,false
4,0,"집안에",1759,1463,false
3,0,"보물지도들어있는 상자(근처 건물에서 지하로 들어가는 문을 통해 올 수 있음)",1860,1453,false
6,0,"돌기둥 옮기는 퍼즐 (하나 막힌건 아리아 폭탄던지면 돌무더기 잔해 사라짐)",1777,597,false
3,0,"작은수풀사이에 있음",1927,681,false
3,0,"발굴상자(건물잔해근처)",1821,701,false
3,0,"건물잔해 근처",1832,728,false
1,0,"퀘스트 (유령)의뢰",1839,705,false
6,0,"발판상자 (주변에 가만히 서있는 양 들어서 발판에 놓기)",2172,972,false
3,0,"보물지도 상자(여신석 달의열쇠들어있음)",2201,906,false
3,0,"발굴상자 (찬란한 여신석 들어있음)",2146,923,false
3,0,"보물지도 상자 (스토리 3장 끝낙고주는 보물지도 류트 5성전무들어있음)",2472,2215,false
3,0,"바위 옆",2382,2878,false
3,0,"엔피씨들 뒷편 천막옆",2421,2970,false
6,0,"발판퍼즐 (천막 주변에 들수 잇는 돌있음)",2473,3000,false
3,0,"주변몬스터 사냥후",2404,3175,false
3,0,"큰 나무 아래쪽에",2385,3159,false
3,0,"큰나무 근처 물가에",2428,3163,false
3,0,"주변몬스터 처리 후 ",2439,3214,false
3,0,"주변 몬스터 처치 후 ",2460,3405,false
3,0,"상자2개 - 건물 안쪽 계단으로 올라가다보면 중간층이랑 꼭대기에 상자 1개씩 있음",2430,2998,false
1,0,"퀘스트 - 심부름",1383,2888,false
3,0,"망루 문열고 들어가면 안에",1418,2950,false
3,0,"상자2개 - 건물안쪽 계단 올라가다보면 중간층과 꼭대기층에 상자 각각있음",1368,2955,false
4,0,"건물 바로 앞에 있음",1344,2944,false
3,0,"문열고 들어가면 건물안에",1346,2881,false
3,0,"나무 사이에",2965,3171,false
3,0,"",3359,3306,false
3,0,"수풀사이",3350,3380,false
1,0,"퀘스트 - 유령부탁(큰나무기준 2시방향쯤 언덕에 무덤있음)",3378,3351,false
4,0,"큰나무 아래 (유령옆)",3399,3347,false
3,0,"나무사이",3398,3267,false
3,0,"나무사이",3413,3234,false
5,0,"숨은 두더지 찾기",3465,3237,false
3,0,"큰나무 뿌리 사이",3450,3346,false
4,0,"워프 바로 옆",724,2682,false
3,0,"보물지도 상자 - 다리 아래 (스토리 4장 퀘스트도중 획득 아리아 전용5성무기 들어있음)",475,2666,false
3,0,"상자 총3개 - 문열고 들어가서 왼쪽방에 1개 오른쪽 계단올라가면 중간에1개 꼭대기1개",743,2672,false
2,0,"돌발임무-굶주린 톱날의 그놀 처치",914,700,false
3,0,"나무 그루터기옆 ",795,773,false
5,0,"두더지 7마리 찾기",1308,1859,false
3,0,"동굴안쪽 몬스터 처치후",1260,1152,false
1,0,"지역임무 - 가방찾기",928,1108,false
3,0,"몬스터 처치 후",1137,772,false
1,0,"퀘스트 - ★3 콩소메 (멧되지고기+짐승고기+버섯 끓이기)",1073,888,false
3,0,"발굴상자 - 나무 옆",568,1347,false
6,0,"발판기믹상자",684,1286,false
3,0,"돌더미 부수면 나옴",700,1382,false
1,0,"지역임무 - ★2 버섯스프",737,1417,false
6,0,"기둥옮기는 퍼즐 - 아리아 폭탄던져서 잔해물 치우면 가능",599,1456,false
3,0,"지하 소굴 나무 발판위에",568,1365,false
3,0,"게임 처음 시작하면 지나가다 먹을 수 있음",410,1433,false
3,0,"돌무더기 부수면 나옴",459,1406,false
3,0,"돌무더기 부수면 나옴",353,1410,false
3,0,"성당입구 위로 올라가면 보임",948,1988,false
3,0,"건물 꼭대기층",930,2066,false
3,0,"건물 기둥 위쪽",765,2016,false
3,0,"왕성 빙둘러쳐진 계단돌다보면 보임",796,2105,false
3,0,"왕성 뒤쪽 계단 옆공간",829,2093,false
3,0,"성당내부 여신상 뒤에",980,2040,false
1,0,"지역임무 - 와그르무리 토벌",840,1593,false
1,0,"지역임무 - 빨리바구니 심부름",881,1609,false
1,0,"지역임무 - 호박3개 나르기",922,1638,false
3,0,"집안에 상자",959,1600,false
1,0,"지역임무 - 동생집에 곡식 놓고오기",938,1667,false
1,0,"지역임무 - 고블린이 훔쳐간 곡식 찾아오기",976,1611,false
1,0,"지역임무 - 파란옷 여자아이있는 집으로 곡식 나르기",992,1577,false
1,0,"지역임무 - 숨은 세자매 찾기",966,1577,false
5,0,"마멋왕 - 파동 피하기",1025,1688,false
3,0,"몬스터 처리 후 ",1167,1389,false
3,0,"돌 무더기 부수기",1214,1477,false
4,0,"건물 꼭대기층",640,1897,false
3,0,"원통건물 꼭대기층",620,2018,false
3,0,"원형 아치건물 중앙",647,2035,false
3,0,"원통건물 아래쪽 구석",602,2018,false
3,0,"물위에 떠있음",601,2091,false
3,0,"원통건물과 이어지는 아치위에",698,2090,false
3,0,"원통건물 꼭대기층",678,2098,false
3,0,"건물 안에",706,2199,false
3,0,"몬스터 처치 후 ",2715,3236,false
3,0,"몬스터들 사이에 있음",2666,3253,false
3,0,"몬스터 뒤",2829,3397,false
3,0,"다리 끝에",2751,3546,false
4,0,"원통형 건물위",2637,3466,false
4,0,"원통형 건물 위",2662,3422,false
4,0,"원통형 건물 위",2771,3499,false
3,0,"동굴 안쪽 - 5장 퀘스트중 레이나 도우러 들어가는 동굴",2882,3832,false
3,0,"동굴안쪽 - 5장 퀘스트중 레이나 도우러 들어가는 동굴 안쪽",2962,3816,false
3,0,"동굴안쪽 - 5장 퀘스트중 레이나 구하러 들어간 동굴 몬스터 처치후 획득",2999,3895,false
3,0,"동굴안쪽-5장 퀘스트중 레이나도우러 들어간동굴에서 위로 올라가는 길 거미들 잡고 획득",3003,3858,false
3,0,"동굴안 2층?",2963,3914,false
3,0,"동굴안쪽 3층? 올라가는 길목",2986,3839,false
3,0,"발굴상자 - 동굴안쪽에서 3층? 올라가는 길목에 중간에 광석근처(랜턴보임)",2940,3820,false
3,0,"동굴안쪽 3층? 쯤 되는곳 입구 근처",2873,3873,false
3,0,"무너진성벽 앞쪽 다리 연결부 살짝 아래공간",2894,3902,false
3,0,"동굴 안쪽 레이나 있는층 한쪽 구석 (몬스터 처치후 획득)",2929,3907,false
2,0,"돌발임무 - 이단의 인도자 브라하임처치 (5장 레이나 도와주는 위치에 나타남)",2906,3867,false
3,0,"몬스터 처치 후 획득",3181,3652,false
3,0,"보물지도 상자 - 스토리 5장 끝내면 주는 보물지도 (달의열쇠 보물지도 카스텔라 전용 5성무기 들어있음)",3196,3669,false
1,0,"지역임무 - 동료구하기",3178,3617,false
3,0,"몬스터 처치 후",2849,3562,false
3,0,"몬스터 처치 후",2928,3570,false
3,0,"몬스터 처치 후 ",2894,3526,false
4,0,"원통형 건물 꼭대기",2873,3533,false
3,0,"입구 들어가자마자 왼쪽",2985,3547,false
3,0,"몬스터 처치 후 ",2997,3570,false
3,0,"몬스터 처치 후",2879,3637,false
3,0,"몬스터 처치 후",2812,3656,false
2,0,"돌발임무 - 무너지는 대지 그롬카르 처치",2743,3666,false
3,0,"보물지도상자-스토리5장 끝내고 받은 보물지도위치의 상자에서 나온 보물지도 (달의열쇠1 여신석1 4성무기1)",866,1630,false
4,0,"엔피씨 뒤쪽",655,2094,false
5,0,"마멋-시간안에 비행으로 도착하기",1350,1039,false
6,0,"발판퍼즐",367,1722,false
1,0,"지역임무 - 고블린토벌후 가방가져오기",348,1673,false
3,0,"고블린 부락 들어간후 왼쪽",403,1600,false
3,0,"작은 나무 첨탑 아래",394,1571,false
3,0,"주변 모든 몬스터 처치 후 획득",372,1530,false
3,0,"몬스터 근처 작은 바위 앞",258,1574,false
1,0,"지역임무 - ★3 육회 제공",182,1522,false
6,0,"발판퍼즐",102,1498,false
3,0,"돌무더기 부수기",91,1531,false
3,0,"바위 뒤쪽 물가에 나무 데크 위 ",53,1378,false
1,0,"지역임무 - 나무궤짝 가져오기",97,1466,false
3,0,"바위 옆 나무구조물아래",63,1355,false
3,0,"몬스터 처치 후 ",45,1327,false
3,0,"주변 몬스터 처치 후",122,1370,false
4,0,"건물 뒤편",164,1407,false
3,0,"주변 몬스터 처치 후",77,1262,false
3,0,"보물지도 상자",177,1104,false
4,0,"보물지도 상자 근처",161,1094,false
3,0,"풍차 아래",661,1728,false
3,0,"다리 아래",749,1734,false
3,0,"물속에",793,1712,false
3,0,"물가 모래사장에",789,1753,false
3,0,"몬스터 처치 후 ",468,1758,false
3,0,"몬스터 처치 후",581,1620,false
3,0,"몬스터 처치 후",618,1592,false
3,0,"발굴상자 - 랜턴과 삽자루 보임",960,1644,false
3,0,"몬스터 처리 후",678,1563,false
3,0,"몬스터 처리 후",696,1481,false
3,0,"돌무더기 부수기",653,1530,false
1,0,"지역임무 - 곰인형 찾아주기",1326,581,false
4,0,"건물 뒷편 벽앞",1367,618,false
4,0,"나무다리 아래",1429,578,false
3,0,"건물 뒤쪽",1438,672,false
3,0,"몬스터 처리 후",1517,584,false
3,0,"배올라가서 문열고 들어가면 있음",1399,510,false
3,0,"배 가판위에 있음",1433,498,false
5,0,"마멋 - 두더지 잡기",1228,650,false
3,0,"보물지도 상자",1569,421,false
4,0,"건물안에 있음",1534,426,false
3,0,"발굴상자 - 랜턴 삽자루 보임",1511,467,false
5,0,"마멋 - 시간내 비행완료 하기",1506,445,false
6,0,"발판퍼즐",1573,479,false
1,0,"지역임무 - 생선배달",1432,613,false
1,0,"지역임무 - ★2 해산물 플래터",1437,562,false
3,0,"몬스터 처치 후",1376,810,false
6,0,"발판퍼즐",1204,833,false
7,0,"새알",1391,844,false
3,0,"발굴상자 - 폐건물 우물 옆",1480,842,false
3,0,"건물 뒷편",1503,828,false
3,0,"주변 몬스터 처리 후",1502,755,false
3,0,"큰나무 아래쪽",1557,670,false
6,0,"발판퍼즐 - 나무기둥 쓰러트려서 하나 해결해야함",1558,707,false
3,0,"부서진 수레 옆에 있음",1621,729,false
3,0,"몬스터 처리 후",1694,732,false
2,0,"돌발임무 - 점화자 스닉락 처치[상자있음] (아래쪽 동굴)",1784,660,false
1,0,"지역임무 - 점화자 스닉락 처치 (아래쪽 동굴)",1815,652,false
3,0,"(아래쪽 동굴) 주변 몬스터 처치 후",1787,690,false
3,0,"(아래쪽 동굴) 몬스터 처치 후 ",1714,655,false
2,0,"돌발임무 - 기회주의자 그리믹 처치[상자있음] (지형 아래쪽)",1817,598,false
3,0,"아래쪽으로 내려가는 길목에 있음",1648,577,false
3,0,"돌무더기 부수기",1630,567,false
3,0,"물위에 떠있음",1566,1155,false
3,0,"물속에 있음",1582,1181,false
1,0,"지역임무 - ★2 해산물 세비체",1499,1067,false
4,0,"던전 맞은편에 ",1471,1022,false
3,0,"작은 목재구조물에",1500,1122,false
3,0,"돌무더기 부수기",1549,1001,false
3,0,"발굴상자",1611,916,false
1,0,"지역임무 - 나무상자 회수",1603,932,false
3,0,"발굴상자",1703,971,false
3,0,"배아래 물속 그물망에 상자",1741,988,false
3,0,"나무 구조물들 사이",1573,918,false
3,0,"부서진 수레 옆",1407,975,false
3,0,"몬스터 처리 후",1352,909,false
4,0,"동굴 안에",1292,875,false
3,0,"몬스터 처치 후 (위쪽 지형)",1276,880,false
3,0,"보물지도 상자 - 바위부족기지 던전내부 상자에서 획득 (여신석1 달의열쇠1 류트5성전무 들어있음)",442,1322,false
3,0,"낡은 집 앞 무서진 수레 옆",862,2152,false
3,0,"발굴상자",958,2195,false
5,0,"마멋 - 두더지 5마리 찾기",932,2179,false
7,0,"발굴상자 건물잔해 위쪽",958,2214,false
1,0,"지역임무 -재료 찾아오기",1524,2142,false
3,0,"발굴상자 - 큰나무 옆",1467,1994,false
3,0,"쓰러진 돌기둥 안쪽",1648,2158,false
1,0,"지역임무 - 병사3명에게 이야기전하기",1512,2185,false
5,0,"마멋 - 두더지 5마리 찾기",1502,2134,false
3,0,"상자근처 엔트 1마리 처치 후",3184,3093,false
7,0,"큰나무 중간쯤 올라가면 있음",3420,3356,false
7,0,"큰나무 중간쯤 올라가면 있음",3408,3332,false
2,0,"돌발임무 - 미치광이 쿠아쿠 처치",1712,1871,false
3,0,"몬스터 처치 후",1640,1890,false
3,0,"원형 나무건물 가운데",1720,1967,false
6,0,"기둥 미는 퍼즐",1702,2060,false
3,0,"돌무더기 부수기",1740,2112,false
3,0,"상자 주변에 몬스터 있음",1749,2061,false
3,0,"돌무더기 부수기",1789,2010,false
3,0,"몬스터 처치 후",1780,1911,false
3,0,"돌무더기 부수기",1793,1847,false
3,0,"몬스터 처리 후 ",1889,1944,false
5,0,"마멋 - 시간내 비행하기",1640,1754,false
3,0,"몬스터 처치 후",1651,1776,false
3,0,"나무 옆",1642,1786,false
3,0,"몬스터 처치 후",1437,1165,false
3,0,"돌무더기 부수기 ",1418,1110,false
6,0,"발판퍼즐",1458,1116,false
3,0,"위쪽지형에 있음",1471,1168,false
3,0,"부서진 수레앞 (위쪽지형)",1380,1211,false
3,0,"풍차 뒤쪽에 한단 내려온 지형에 있음",1361,1277,false
7,0,"풍차건물 벽타고 올라가다보면 있음",1343,1244,false
1,0,"지역임무 - 풍차위에 배낭찾기",1349,1237,false
3,0,"풍차건물에서 아래쪽으로 내려오는 길목에 부서진 수레근처에 있음",1255,1240,false
3,0,"몬스터 처치 후",1230,1140,false
3,0,"몬스터 처치 후",1260,983,false
3,0,"나무 옆",1222,989,false
3,0,"돌무더기 부수기",1341,1004,false
3,0,"몬스터 처치 후",1385,1044,false
3,0,"발굴상자 - 집 옆 밭",1378,1091,false
1,0,"지역임무 - 나무통 회수",1337,1156,false
1,0,"지역임무 - 해골머리 루카키 처치",1292,1296,false
7,0,"나무 위",1316,1324,false
3,0,"몬스터 처치 후",1331,1304,false
2,0,"돌발임무 -해골머리 루카키 처치 (최초 보상상자 있음)",1320,1256,false
3,0,"물위에 떠있음",1378,1335,false
3,0,"주변 몬스터 처치 후",1419,1256,false
3,0,"몬스터 처치 후",1340,1389,false
3,0,"발굴상자",1201,1399,false
3,0,"돌무더기 부순 후",1200,1301,false
3,0,"건물 뒤쪽",1729,1456,false
3,0,"몬스터 처치 후 ",1849,1686,false
3,0,"몬스터 처치 후",1752,1727,false
3,0,"수풀 사이에",1837,1725,false
3,0,"수풀에 살짝 가려져 있음",1918,1720,false
3,0,"몬스터 처치 후",1908,1684,false
6,0,"발판퍼즐 - 바위하나 안보일경우 알렉스E스킬 써서 고정후 캐릭변경해서 완료",1861,1773,false
3,0,"몬스터 처치 후",1935,1643,false
1,0,"지역임무 - 나무상자 회수",2003,1603,false
3,0,"몬스터 처치 후",1945,1531,false
3,0,"기둥 구조물 꼭대기",1599,1724,false
3,0,"돌무더기 부수기",1598,1768,false
3,0,"수풀로 가려져 있음",1569,1797,false
3,0,"쓰러진 나무 옆",1523,1697,false
3,0,"폭포 아래 몬스터 처치 후",1567,1626,false
3,0,"큰나무 옆",1582,1571,false
3,0,"몬스터 처치 후",1379,1743,false
3,0,"돌무더기 부수기",1410,1736,false
3,0,"나무 사이에",1461,1772,false
3,0,"몬스터 처치 후",1321,1762,false
3,0,"돌무더기 부순후 안쪽에",1329,1841,false
3,0,"몬스터 처치 후",1255,1854,false
3,0,"몬스터 처치 후",1325,1682,false
7,0,"상자옆",3346,3316,false
7,0,"건물지붕",2694,3278,false
7,0,"건물지붕",2700,3238,false
3,0,"거위 돌아다니는 물가 근처",1098,1941,false
3,0,"다리 밑",1104,1860,false
3,0,"물속 작은 동굴안",953,1799,false
5,0,"마멋 - 시간내에 비행하기",830,2176,false
7,0,"큰나무 위",928,2282,false
3,0,"돌무더기 부수기",922,2305,false
3,0,"나무천막 아래",934,2330,false
3,0,"몬스터 처치 후",763,2316,false
3,0,"나무 천막 아래",852,2451,false
3,0,"몬스터 처치 후",874,2440,false
5,0,"마멋 - 시간안에 비행하기",1137,2414,false
3,0,"동굴 안쪽 바위 부수기 (입구는 포탈근처)",817,2391,false
3,0,"나무 천막 아래",746,2807,false
3,0,"몬스터 처리 후",704,2861,false
3,0,"몬스터 처치 후",2639,3442,false
3,0,"입구 오른쪽 나무벽에",2656,3470,false
3,0,"몬스터 처치 후",2703,3462,false
3,0,"몬스터 처치 후  ",2758,3478,false
3,0,"원형 감시탑 뒷편",2784,3483,false
3,0,"돌무더기 부수기",1038,2320,false
3,0,"다리 끝쪽 데크 위",1198,2329,false
3,0,"발굴상자",1217,2217,false
6,0,"발판퍼즐",1189,2211,false
3,0,"목조 창고 안쪽",1172,2307,false
3,0,"부두 끝",1096,2211,false
4,0,"목조건물 안쪽",1110,2243,false
3,0,"지형 꼭대기 제일 끄트머리",1347,2333,false
3,0,"아래쪽",1293,2276,false
3,0,"목장 모닥불 근처 울타리에",1032,1480,false
1,0,"지역임무 - 엘리 양 찾아주기",1054,1478,false
3,0,"큰나무 옆 창고건물 안쪽",1079,1486,false
7,0,"큰나무 위",1073,1472,false
3,0,"포탈 바로 옆",951,1433,false
3,0,"몬스터 처치 후",942,1475,false
3,0,"몬스터 처리 후",1051,1378,false
3,0,"들판에 그냥 있음 (똥개들있으니 잡고 먹어야함)",1005,1333,false
3,0,"몬스터 처치 후",1049,1254,false
6,0,"기둥 옮기기",1053,1234,false
3,0,"부서진 담벼락에",1070,1215,false
3,0,"몬스터 처치 후",789,1432,false
3,0,"몬스터 처치 후",861,1420,false
3,0,"몬스터 처치 후",815,1505,false
3,0,"지형 끝에",564,1792,false
5,0,"마멋 - 시간내 두더지 10마리 잡기",556,1764,false
3,0,"상자",767,1367,false
1,0,"지역임무 - 피범벅 크래즐 처치",689,1174,false
2,0,"돌발임무 - 피범벅 크래즐 처치",706,1190,false
3,0,"몬스터 처치 후 - 동굴 안쪽 모닥불 근처",724,1161,false
3,0,"동굴 안쪽 돌발임무 최초 보상상자",724,1144,false
3,0,"쓰러진 나무 근처",837,1190,false
3,0,"몬스터 처치 후",766,1175,false
3,0,"몬스터 처치 후 - 동굴 안쪽",781,1120,false
3,0,"몬스터 처치 후",649,1137,false
3,0,"??? 확실하지 않음",640,1205,false
3,0,"??? 확실하지 않음",672,1237,false
3,0,"발굴 상자 - 위쪽",755,1100,false
2,0,"토벌임무 - 묻힌 칼날 레스카 처치 (임무만 뜨고 몬스터 안보임)",758,1121,false
3,0,"돌무더기 부수기",849,1342,false
3,0,"수풀 사이 수레 옆",833,1298,false
1,0,"지역임무 - 소냐 돕기",963,1271,false
3,0,"상자",790,1073,false
5,0,"마멋 - 마멋 12마리 잡기",848,1074,false
3,0,"쓰러진 나무 구멍 안",864,1025,false
6,0,"발판퍼즐 - 발판 한개는 돌무더기 부숴야 함",840,983,false
3,0,"몬스터 처치 후",860,946,false
3,0,"몬스터 처치 후",942,971,false
3,0,"몬스터 처치 후",1031,1112,false
3,0,"몬스터 처치 후",1016,1158,false
3,0,"돌무덤 부수기",1140,1140,false
3,0,"부서진 수레 옆",1072,1068,false
3,0,"몬스터 처치 후",1072,1043,false
3,0,"몬스터 처치 후",1063,946,false
3,0,"아래 상자먹고 위로 올라가면 상자있음",1069,926,false
3,0,"몬스터 사냥 후 - 나무천막아래",1036,877,false
3,0,"나무다리 아래",1011,888,false
3,0,"몬스터 처치 후",969,886,false
3,0,"상자??? ",872,882,false
3,0,"몬스터 처치 후",972,806,false
4,0,"에오나 유산 주변 담벼락 뒤쪽",1022,799,false
3,0,"나무 그루터기 옆",1209,744,false
3,0,"쓰러진 나무 사이",1295,685,false
3,0,"몬스터 처치 후",1185,549,false
3,0,"나무 건물 가운데",1092,655,false
3,0,"나무다리 끝단",1071,696,false
3,0,"몬스터 처치 후",1099,724,false
3,0,"언덕 꼭대기",1139,636,false
3,0,"몬스터 처치 후",847,748,false
3,0,"몬스터 처치 후",854,793,false
3,0,"돌무더기 부수기",939,655,false
3,0,"몬스터 처치 후",915,647,false
3,0,"몬스터 처치 후",872,634,false
3,0,"몬스터 처치 후",941,745,false
3,0,"언덕 끄트머리",965,762,false
3,0,"몬스터 처치 후",800,694,false
3,0,"발굴상자 - 파수자의 보물지도 들어있음",748,614,false
3,0,"보물지도 상자 - 달열쇠1 4성 카르마1 (요새 꼭대기 부근)",2020,2650,false
4,0,"부서진 벽 앞",986,548,false
3,0,"큰나무 옆",879,531,false
3,0,"큰나무 옆",853,576,false
3,0,"바닥 물가쪽 돌위에",728,494,false
5,0,"마멋 - 시간내 비행하기 (하늘기둥 바위산 워프 근처로 이동함)",747,499,false
6,0,"기둥 옮기기",934,580,false
3,0,"아래쪽 동굴 안에",909,472,false
3,0,"동굴 앞 나무천막 아래",919,458,false
3,0,"돌더미 근처",1021,412,false
3,0,"작은 돌섬에",927,314,false
3,0,"바다물 위에 떠있음",1116,223,false
6,0,"발판퍼즐",1225,397,false
3,0,"배 아래쪽 물속 그물망안에",1151,122,false
3,0,"몬스터 처치 후",1090,447,false
1,0,"지역임무 - 나무통 옮기기",963,394,false
3,0,"돌무더기 부수기",1239,518,false
3,0,"나무 앞",1763,531,false
7,0,"위쪽 연결부위",2164,2439,false
3,0,"연결부위 성쪽",2148,2458,false
3,0,"화톳불 옆 천막에",2142,2501,false
7,0,"꼭대기 끄트머리에 매달려 있음",2202,2526,false
5,0,"마멋 - 마멋 15마리 잡기",2141,2560,false
3,0,"꼭대기에 ",2226,2589,false
3,0,"성벽 젤 위에",2161,2716,false
7,0,"성벽위",2140,2733,false
7,0,"꼭대기 부근",2085,2670,false
3,0,"요새 꼭대기",2070,2672,false
7,0,"요새 꼭대기",2086,2655,false
5,0,"마멋 - 파동 피하기 (캐릭터를 벽쪽에 붙이고 마멋을 주시한 채로 점프와 회피로 공략 회피는 벽쪽으로)",2107,2626,false
7,0,"꼭대기 공간에 있음",1929,2611,false
3,0,"성벽에 달려있는 나무데크 위에",1972,2528,false
5,0,"마멋 - 마멋 5마리 찾기",2144,2601,false
5,0,"마멋 - 시간내 비행하기",2063,2657,false
3,0,"다리밑 물에 떠있음",2373,2648,false
6,0,"발판퍼즐",2377,2612,false
7,0,"꼭대기 부근",2539,2664,false
3,0,"꼭대기 부근",2542,2678,false
3,0,"돌무더기 부수기",2378,2445,false
6,0,"발판 퍼즐",271,1026,false
3,0,"돌무더기 부수기",245,1446,false
1,0,"유령 - 무덤찾기",286,1473,false
5,0,"마멋 - 시간내 비행하기",302,1420,false
3,0,"연못? 중간에",303,1475,false
3,0,"발굴상자 - 큰나무 뒤 언덕 끝",430,1492,false
3,0,"발굴상자 - 무덤뒤쪽",201,1344,false
3,0,"물속에 - 작은 암초 3개 중앙에",283,1252,false
5,0,"마멋 - 시간내 비행하기",288,1135,false
3,0,"암초에 좌초된 작은배 옆",476,1148,false
3,0,"물속 - 내려가다보면 중간쯤 무너진 아치형 돌기둥 위에",606,987,false
3,0,"물속 - 바닥까지 내려가면 돌잔해물위에 있음",575,1010,false
3,0,"발굴 상자",234,1093,false
1,0,"지역임무 - 배낭찾기",228,1118,false
3,0,"돌무더기 부수기",187,1060,false
3,0,"물어 떠있는 부러진 나무 속",126,1059,false
3,0,"쓰러진 나무 구멍 안에",1247,1620,false
3,0,"나무 천막 아래",1161,1654,false
3,0,"부서진 수레 옆",1133,1771,false
3,0,"수레 옆",1054,1757,false
3,0,"상자",1165,1962,false
3,0,"발굴 상자",1309,2007,false
3,0,"나무 창고 안에",1336,2102,false
7,0,"나무위",1517,1613,false
3,0,"상자",1503,1535,false
6,0,"기둥 옮기는 퍼즐 (지하에 - 입구는 현위치 6시방향 아래쪽으로 조금 내려가면 큰나무 옆 잔해물에 구멍있음)",1560,1550,false
7,0,"나무 위",1603,1457,false
3,0,"상자",1591,1354,false
6,0,"발판 퍼즐",1597,1388,false
5,0,"마멋 - 시간내 비행하기",1708,1362,false
5,0,"마멋 - 마멋 5마리 찾기",1647,1421,false
3,0,"상자",1742,1530,false
3,0,"몬스터 처치 후",1549,1388,false
3,0,"발굴 상자",2259,1449,false
3,0,"몬스터 처치 후",2321,1475,false
3,0,"몬스터 처치 후",2352,1542,false
3,0,"큰나무 옆",1464,1584,false
3,0,"몬스터 처치 후",1428,1549,false
3,0,"돌무더기 부수기",1417,1536,false
3,0,"몬스터 처치 후",1405,1491,false
1,0,"지역임무 - 마물 사냥 돕기",1439,1448,false
3,0,"쓰러진 나무 앞",1553,1444,false
3,0,"발굴 상자",1930,2304,false
3,0,"발굴상자 - 동굴안쪽에서 3층? 올라가는 길목에 중간에 광석근처(랜턴보임)",2940,3820,false
3,0,"발굴상자",958,2195,false
3,0,"발굴상자",1217,2217,false
3,0,"지형 끝쪽",1535,1345,false
3,0,"나무 옆",1429,1365,false
5,0,"마멋 - 마멋 15마리 잡기",1327,1475,false
6,0,"기둥 옮기기",1242,1519,false
3,0,"보물지도 상자 있는곳 아래 물에 빠지면 보임",1846,1471,false
3,0,"작은 돌섬위 나무 앞",2069,1443,false
3,0,"물속에",2083,1300,false
3,0,"상자",1986,1417,false
7,0,"나무 위",1642,1970,false
3,0,"상자",1560,1888,false
7,0,"나무위 ",1591,2052,false
3,0,"다리 밑쪽",1696,2430,false
3,0,"수면 약간 아래 물속나무 가지 사이에 껴있음",1826,2424,false
7,0,"작은 돌섬위",1849,2440,false
3,0,"돌무더기 부수기",1905,2445,false
3,0,"몬스터 처치 후",2088,2379,false
3,0,"몬스터 처치 후",2124,2299,false
3,0,"몬스터 처치 후",2107,2186,false
3,0,"부서진 수레 안",2040,2189,false
7,0,"나무 위 새알2개",2059,2231,false
7,0,"나무 첨탑 위",1912,2271,false
6,0,"발판 퍼즐 - 발판에 붙어있는 수풀 치우면 돌나옴",1951,2294,false
3,0,"나무첨탑 아래",1833,2310,false
3,0,"몬스터 처치 후",2099,2042,false
7,0,"작은 목재 구조물 위",2091,2019,false
5,0,"마멋 - 파동 피하기",2040,2010,false
3,0,"발굴 상자",1991,2044,false
3,0,"몬스터 처치 후",2038,2126,false
3,0,"나무 옆",2127,2107,false
3,0,"수면에 떠있는 상자들 사이에",2204,2065,false
3,0,"수풀들 베어내면 상자 보임",2244,2140,false
3,0,"동굴안쪽 - 몬스터 처치 후",2260,2243,false
3,0,"동굴 안쪽 - 돌무더기 부시기",2279,2258,false
1,0,"지역임무 - 동료구하는거 돕기",2290,2185,false
3,0,"몬스터 처치 후",2141,1897,false
1,0,"지역임무 - ★3 오블렛",2215,1848,false
7,0,"나무위",2202,1835,false
4,0,"건물 뒤편",2179,1849,false
3,0,"발굴 상자",2294,1789,false
3,0,"수풀사이",2190,1811,false
3,0,"작은 나무창고 뒤에",2115,1818,false
3,0,"몬스터 처치 후",2142,1702,false
3,0,"큰나무들 사이",2045,1947,false
3,0,"큰나무 옆",1975,1985,false
3,0,"몬스터 처치 후",1914,2074,false
3,0,"부서진 수레 안",1915,2145,false
3,0,"몬스터 처치 후",1968,2079,false
3,0,"돌무더기 부수기",2077,1827,false
6,0,"발판 퍼즐 - 수풀베어내면 돌나옴",2137,1739,false
3,0,"몬스터 처치 후(위쪽)",2090,1596,false
7,0,"큰나무 위",2128,1651,false
3,0,"상자",2121,1679,false
5,0,"마멋 - 시간내 비행하기",2147,1643,false
3,0,"상자",1844,1853,false
1,0,"지역임무 - 망루3개 보초병상태보고",1994,1864,false
3,0,"망루 문열고 들어가면 안에 있음",1977,1883,false
3,0,"망루 문열고 들어가면 있음",1991,1840,false
4,0,"천막 앞",2023,1858,false
3,0,"망루 문열고 들어가면 안에 있음",2033,1895,false
3,0,"나무 쌓아둔곳 뒤에 ",1981,1794,false
3,0,"상자",2006,1694,false
3,0,"상자",2032,1626,false
3,0,"몬스터 처치 후",2093,1556,false
3,0,"몬스터 처치 후",2187,1591,false
3,0,"상자",2186,1695,false
3,0,"몬스터 처치 후",2259,1632,false
3,0,"몬스터 처치 후",2115,1534,false
3,0,"몬스터 처치 후",2118,1564,false
3,0,"돌무더기 부순 후",2156,1597,false
3,0,"나무 세그루 가운데",2232,1556,false
3,0,"나무 아래",2270,1562,false
3,0,"발굴상자",2441,1541,false
3,0,"상자",2443,1558,false
3,0,"몬스터 처치 후",2534,1599,false
3,0,"몬스터 처치 후",2401,1693,false
2,0,"돌발임무 - 굶주린 사냥개 스나크 처치 (첫 처치 보상 상자 있음)",2451,1746,false
3,0,"다리 끝 수풀에",2521,1789,false
3,0,"몬스터 처치 후",2479,1866,false
3,0,"몬스터 처치 후",2410,1822,false
3,0,"몬스터 처치 후",2401,1847,false
3,0,"몬스터 처치 후",2351,1881,false
3,0,"몬스터 처치 후",2305,2016,false
3,0,"상자",2269,1936,false
3,0,"몬스터 처치 후",2365,2081,false
3,0,"물가에 부서진 수레 옆",2358,2131,false
3,0,"몬스터 처치 후",2328,2153,false
3,0,"몬스터 처치 후",2478,2130,false
3,0,"꼭대기 에오나유산 근처",2426,1867,false
3,0,"몬스터(하피) 처치 후",2415,1885,false
3,0,"발굴 상자",2498,1921,false
6,0,"발판 퍼즐",2469,1925,false
3,0,"위에서 내려오면서 보면 귀퉁이쪽에 보임",2483,1844,false
3,0,"발굴 상자",2500,1873,false
3,0,"물가 배옆에 ",2552,1918,false
3,0,"발굴상자",2539,1943,false
3,0,"몬스터 처치 후",2507,1984,false
3,0,"수풀사이",2363,1976,false
1,0,"지역의뢰 - 아가씨 구하기",2392,1983,false
3,0,"나무 옆 (위쪽)",2265,2274,false
3,0,"몬스터 처치 후",2261,2305,false
7,0,"나무 위",2282,2357,false
3,0,"바위 옆",2365,2376,false
5,0,"마멋 - 시간내 비행하기",2403,2409,false
1,0,"지역임무 - 꿰둟는 젝타르 처치",2368,2305,false
2,0,"돌발임무 - 꿰뚫는 잭타르 처치 (최초 처치 보상상자 있음)",2400,2342,false
3,0,"발굴 상자",2441,2374,false
3,0,"몬스터 처치 후",2569,2429,false
3,0,"나무 근처",2433,2308,false
6,0,"발판 퍼즐",2471,2243,false
3,0,"나무 아래",2551,2221,false
3,0,"몬스터 처치 후",2549,2133,false
3,0,"몬스터 처치 후",2592,2055,false
3,0,"몬스터 처치 후",2626,2171,false
2,0,"돌발임무 - 뼈씹는 크래팰 처치",857,2364,false
3,0,"상자 2개 - 몬스터 처치 후",857,2346,false
5,0,"미니게임 - 마멋 15마리 잡기",720,2435,false
6,0,"발판퍼즐 - 돌하나는 큰나무 위에 있음",721,2500,false
3,0,"몬스터 처치 후",648,2536,false
3,0,"몬스터 처치 후 (똥개3마리 멀리 나가있음 잡아야함)",651,2347,false
6,0,"건물 옆 언덕 올라가면 있음",1534,824,false
1,0,"지역임무 - 배낭찾기",1519,855,false
3,0,"몬스터 처치 후",1571,886,false
5,0,"미니게임 - 마멋 5마리 찾기",631,2712,false
3,0,"쌓인 상자 옆",689,2632,false
3,0,"망루 위",712,2621,false
3,0,"모닥불 옆",635,2621,false
3,0,"원형 기둥 중앙 연결부 위에",623,2663,false
7,0,"나무 위",718,2572,false
3,0,"부서진 풍차 건물 위",581,2825,false
1,0,"지역임무 - 동료구하는거 돕기",612,2860,false
2,0,"돌발임무 - 재간둥이 뭉차차 처치",583,2917,false
3,0,"건물 잔해 사이",579,2934,false
3,0,"몬스터 처치 후",543,2920,false
3,0,"몬스터 처치 후",551,2975,false
3,0,"부서진 건물 잔해 사이",524,2971,false
3,0,"부서진 풍차 위",539,2953,false
3,0,"풍차 위 - 좀더 높은곳에서 날아와야 함",548,2871,false
3,0,"부서진 풍차 위",618,2960,false
3,0,"몬스터 처치 후",665,3003,false
7,0,"나무 위",531,3012,false
3,0,"몬스터 처치 후",727,2996,false
3,0,"몬스터 처치 후",750,2899,false
3,0,"몬스터 처치 후",790,2913,false
2,0,"돌발임무 - 불꽃 송곳니 브로카르 처치 (최초 처치 보상상자 있음)",716,2842,false
3,0,"부서진 풍차 위",734,2788,false
3,0,"부서진 풍차 위",678,2789,false
3,0,"부서진 풍차 아래 상자2개",668,2809,false
3,0,"몬스터 처치 후 (나무다리 아래쪽)",702,2909,false
3,0,"동굴 안쪽 (입구는 유산포탈 아래쪽 이나 여신상 근처 동굴입구)",683,2893,false
7,0,"나무 위",870,2670,false
6,0,"발판퍼즐",1196,2769,false
6,0,"기둥 옮기는 퍼즐 - 입구는 근처에 돌로 지어진 건물에 있음",1094,2584,false
3,0,"신상근처 부서진 기둥 위에",932,2660,false
7,0,"나무 위",897,2542,false
3,0,"몬스터 처치 후",967,2551,false
4,0,"다리 끝 상자더미옆",1073,2494,false
1,0,"지역임무 - 아가씨 구하기",1153,2520,false
3,0,"몬스터 처치 후",1234,2548,false
3,0,"몬스터 처치 후",1162,2588,false
3,0,"몬스터 처치 후",1239,2611,false
3,0,"몬스터 처치 후",1221,2524,false
5,0,"미니게임 - 파동피하기",1382,2519,false
3,0,"발굴 상자",1406,2543,false
5,0,"미니게임 - 시간내 비행하기",1520,2608,false
3,0,"아래 물가쪽 나무 옆",1510,2915,false
3,0,"몬스터 처치후",1462,2756,false
3,0,"몬스터 처치 후",1416,2706,false
3,0,"몬스터 처치 후",1488,2671,false
3,0,"허름한 나무창고 아래",1506,2704,false
7,0,"나무 꼭대기",1462,2710,false
1,0,"지역임무 - 동료구하는거 돕기",1461,2644,false
5,0,"미니게임 - 시간내 비행하기",1571,2476,false
6,0,"기둥 옮기기",1719,2509,false
3,0,"나무 망루 꼭대기",1640,2506,false
3,0,"몬스터 처치 후",1586,2672,false
1,0,"지역임무 - 유령무덤 찾아주기",1602,2875,false
6,0,"기둥 옮기는 퍼즐",1657,3003,false
7,0,"나무위",1725,2985,false
6,0,"발판퍼즐 - 돌로만든 성문 위",1694,2845,false
3,0,"물속 - 물위에 꽃잎으로 동그라미 되있는곳 아래",1936,2856,false
3,0,"몬스터 처치 후",1707,3021,false
3,0,"돌무더기 부수기",1718,2774,false
3,0,"발굴상자",1714,2878,false
3,0,"몬스터 처치 후",2552,2925,false
3,0,"몬스터 처치 후",2565,3040,false
3,0,"부러진 나무 옆",2280,3234,false
3,0,"몬스터 처치 후",2253,3313,false
3,0,"몬스터 처치 후",2194,3475,false
3,0,"부서진 수레 옆",2289,3552,false
3,0,"몬스터 처치 후",2356,3563,false
5,0,"미니게임 - 시간내 비행하기 (완료지역이 진입금지라 바로 팅김 나중에 하는걸 추천함)",2188,3596,false
3,0,"몬스터 처치 후",2390,3682,false
3,0,"몬스터 처치 후",2484,3558,false
3,0,"돌산 꼭대기",2403,3440,false
3,0,"꼭대기에서 내려오면 바로 있음",2412,3461,false
3,0,"돌산 나무길 내려오는 길목에 있음 (몬스터 있음)",2440,3428,false
3,0,"몬스터 처치 후 ",2339,3365,false
3,0,"몬스터 처치 후 - 돌아다니는 경비병도 처리해야함",2362,3302,false
3,0,"몬스터 처치 후",2306,3290,false
3,0,"몬스터 처치 후",2341,3227,false
2,0,"돌발임무 - 산성 점액 드라젤 처치",2479,3282,false
3,0,"몬스터 처치 후 (늪지 바닥)",2485,3263,false
3,0,"나무 옆 (늪지 바닥)",2546,3245,false
3,0,"쓰러진 나무 사이",2587,3097,false
3,0,"바닥에",2389,3461,false
3,0,"큰나무 두개 사이",2479,3376,false
3,0,"지하 퍼즐과 같이 있음",2441,3336,false
6,0,"기둥 옮기는 퍼즐 - 입구는 이 위치에서 3시방향 큰나무 두개있는곳에 구멍",2441,3361,false
3,0,"나무있는 언덕의 큰나무 옆",2198,3421,false
3,0,"몬스터 처치 후",2619,2929,false
3,0,"발굴 상자",2856,3031,false
3,0,"나무 두개 사이",2763,3008,false
6,0,"기둥 옮기기 - 잔해물은 부시면됨 (아리아폭탄이 좋음)",2866,3049,false
7,0,"부서진 건물 위",2853,3066,false
3,0,"상자2개 - 부서진 건물 위 1개 1층 한개",2862,3083,false
5,0,"미니게임 - 시간내 비행하기",2865,3111,false
3,0,"지하 젤 바닥 - 몬스터 처치 후 (브라하임 나오는 위치)",2880,3860,false
3,0,"산 중턱",2967,3707,false
3,0,"산 꼭대기 직전",2951,3782,false
6,0,"기둥 옮기기 - 무너진 성역으로 워프후 오른쪽 정면에 보이는 돌건물로 날아가서 2층에 있음 사이틈새 막 비비고 캐릭변경하다보면 들어가짐",2883,3800,false
3,0,"퍼즐건물 1층에 상자",2871,3811,false
3,0,"퍼즐있는곳 안쪽",2894,3789,false
3,0,"상자2개 - 일반상자1개 그롬카르 최초 처치 보상상자1개",2714,3668,false
3,0,"몬스터 처치 후",3117,3514,false
3,0,"천막 아래",2979,3475,false
6,0,"발판 퍼즐",3127,3317,false
3,0,"상자",3231,3224,false
3,0,"고목 옆",3250,3129,false
3,0,"몬스터 처치 후",3079,3003,false
3,0,"상자",3039,3023,false
3,0,"상자",3191,3218,false
3,0,"나무들 가운데",3210,3315,false
3,0,"몬스터 처치 후",3212,3417,false
3,0,"몬스터 처치 후",3222,3533,false
4,0,"첨탑 꼭대기",2687,3706,false
4,0,"첨탑 꼭대기",2835,3419,false
3,0,"큰나무 위",1387,2243,false
3,0,"니니안 퀘스트할때 생겨있음",1218,2072,false
1,0,"지역임무 - 요리사 부탁들어주기 (니니안퀘스트 후에 나타남)",1195,2114,false
1,0,"지역임무 - ★2구운고기 (니니안 퀘스트후 생김)",1214,2090,false
7,0,"큰나무 위",1542,1581,false
7,0,"큰나무 위",1487,1525,false
7,0,"큰나무 위",1615,1542,false
7,0,"큰나무 위",1680,1477,false
7,0,"큰나무 위",1786,1793,false
1,0,"지역임무 - 부족 용사 바쉬 처치",292,1631,false
7,0,"큰나무 위",1788,1787,false
7,0,"큰나무 위",1683,1470,false
7,0,"큰나무 위",1608,1536,false
7,0,"큰나무 위",1540,1578,false
8,0,"",3320,3426,false
7,0,"지붕위",870,2054,false
7,0,"건물 구조물 위",733,1979,false
7,0,"나무 구조물 위",680,2086,false
7,0,"나무위 ",1442,1466,false
3,0,"상자(길목에)",3185,3394,false
8,0,"",3179,3356,false
8,0,"",3160,3251,false
8,0,"",3181,3207,false
8,0,"",3188,3173,false
3,0,"나무 몬스터 처치 후",3137,3148,false
8,0,"",3113,3143,false
8,0,"",2966,3239,false
8,0,"",3138,3057,false
8,0,"",2994,2998,false
8,0,"",3015,3093,false
3,0,"나무 몬스터 처치 후",3026,3096,false
8,0,"",2925,3113,false
8,0,"",2811,3146,false
8,0,"",2775,3036,false
8,0,"",2627,3020,false
8,0,"",2533,3027,false
10,0,"",2680,3234,false
3,0,"여신상 둘러싸고 있는 원형 돌담 사이",2644,3189,false
8,0,"",2662,3316,false
7,0,"건물 꼭대기 바로 밑",2421,2989,false
7,0,"중간쯤 원형공간에",2501,2694,false
3,0,"바깥쪽 성벽위에서 건너오면 있음",2125,2666,false
7,0,"요새 중간쯤 높이",2123,2656,false
11,0,"",1946,2388,false
11,0,"",1897,2353,false
7,0,"나무 위",2120,2150,false
7,0,"부서진 잔해 위",2352,2291,false
7,0,"나무 위",2118,1962,false
7,0,"나무 위",1611,2219,false
3,0,"바위 뒤",1560,1960,false
9,0,"",1674,2031,false
9,0,"",1693,2010,false
10,0,"",1718,2006,false
7,0,"나무 위",1358,2815,false
7,0,"꼭대기 부근",1380,2948,false
7,0,"큰나무 위",1602,2917,false
7,0,"나무위 낮은위치",1720,2914,false
7,0,"길옆 나무위",1712,2836,false
7,0,"나무위",1739,2812,false
7,0,"나무 위",1733,2752,false
7,0,"나무 위",1419,2629,false
7,0,"나무 위",985,2567,false
11,0,"",971,2596,false
7,0,"부서진 풍차 꼭대기 기둥 끝",736,2795,false
7,0,"풍차 중간쯤",709,2853,false
7,0,"돌건축물 꼭대기",615,2685,false
7,0,"부서진 풍차 꼭대기 기둥 끝",580,2817,false
7,0,"나무 위",630,2566,false
10,0,"",529,1647,false
10,0,"",527,1631,false
1,0,"지역임무 - 니니안 의뢰 (침식처리)",1661,2610,false
11,0,"",1306,2352,false
10,0,"",938,552,false
11,0,"",772,542,false
11,0,"",780,593,false
11,0,"",772,636,false
11,0,"",1093,503,false
10,0,"",1069,1233,false
12,0,"",2437,2205,false
12,0,"",2448,2244,false
12,0,"",2493,2238,false
12,0,"",2915,3889,false
12,0,"",2900,3867,false
12,0,"",2874,3867,false
12,0,"",3007,3882,false
12,0,"",2999,3848,false
12,0,"",2911,3811,false
12,0,"",2926,3810,false
12,0,"",2870,3878,false
10,0,"",3218,3638,false
3,0,"새알위치 위쪽 나뭇가지 위",3408,3359,false
3,0,"꼭대기 바로아래 무지개 수정위",3390,3365,false
9,0,"",3323,3291,false
9,0,"",3321,3267,false
9,0,"",3397,3279,false
9,0,"",3345,3395,false
5,0,"미니게임 - 마멋 5마리 찾기",1365,2858,false
12,0,"",859,2345,false
12,0,"",855,2342,false
10,0,"",1678,2104,false
1,0,"지역임무-니니안",2333,2299,false
5,0,"미니게임 - 마멋 5마리 찾기 (작은 나무창고 안)",869,1565,false
10,0,"",359,1549,false
10,0,"",378,1556,false
2,0,"돌발임무 - 부족용사 바쉬 처치",260,1587,false
11,0,"",96,1458,false
9,0,"",71,1504,false
9,0,"",73,1517,false
11,0,"",108,1435,false
10,0,"",76,1394,false
11,0,"",136,1357,false
11,0,"",107,1355,false
9,0,"",169,1200,false
11,0,"",162,1095,false
11,0,"",147,1098,false
11,0,"",160,1130,false
9,0,"",241,1118,false
9,0,"",262,1139,false
3,0,"물에 떠있음",302,1138,false
1,0,"지역임무-놀잡고 창찾아주기",1520,2160,false
12,0,"",693,1204,false
12,0,"",713,1203,false
12,0,"",730,1178,false
12,0,"",720,1152,false
12,0,"",716,1170,false
9,0,"",911,1083,false
9,0,"",972,1018,false
9,0,"",968,1081,false
10,0,"",911,691,false
10,0,"",896,699,false
10,0,"",975,524,false
10,0,"",986,529,false
9,0,"",924,410,false
9,0,"",981,379,false
3,0,"작은 바위섬 근처 물속",2091,526,false
12,0,"",1719,646,false
12,0,"",1730,644,false
12,0,"",1827,584,false
12,0,"",1835,592,false
12,0,"",1569,886,false
12,0,"",1596,850,false
11,0,"",1493,849,false
11,0,"",1472,856,false
9,0,"",1506,1085,false
12,0,"",1367,1229,false
12,0,"",1318,1263,false
10,0,"",1671,1891,false
10,0,"",1686,1872,false
10,0,"",1982,1517,false
11,0,"",2063,1841,false
4,0,"유산(바람개비) 해금하는 기믹 옆",2455,1793,false
10,0,"",2448,1759,false
10,0,"",2380,1941,false
3,0,"망루 문열고 들어가면 있음",1560,2142,false
1,0,"지역임무-니니안",1220,1390,false
1,0,"지역임무 - 니니안",1659,1819,false
1,0,"지역임무 - 니니안",1066,862,false
10,0,"",1637,628,false
10,0,"",1073,1226,false
11,0,"",681,1261,false
11,0,"",701,1285,false
12,0,"",780,1128,false
12,0,"",764,1132,false
12,0,"",766,1112,false
9,0,"",1638,1762,false
9,0,"",1671,1742,false
9,0,"",1695,1673,false
9,0,"",1686,1664,false
12,0,"",809,2667,false
12,0,"",810,2693,false
9,0,"",779,2766,false
9,0,"",796,2770,false
12,0,"",733,2798,false
12,0,"",731,2808,false
12,0,"",725,2847,false
12,0,"",758,2840,false
11,0,"",992,2563,false
9,0,"",2887,3872,false
9,0,"",2919,3903,false
9,0,"",2962,3834,false
9,0,"",2939,3820,false
7,0,"",1530,1675,false
7,0,"",1610,1639,false
7,0,"",1695,1604,false
7,0,"",1478,1446,false
7,0,"",1492,1528,false
7,0,"",1715,1563,false
7,0,"",1751,1466,false
7,0,"",1439,1700,false
7,0,"",1379,1474,false
7,0,"꼭대기 바로 아래 난간",602,1885,false
7,0,"",612,2014,false
3,0,"엠버상단 건물 꼭대기",731,1885,false
7,0,"왕성 메인건물 옆으로 뻣어나온 기둥건물 꼭대기",787,2042,false
7,0,"원통형 기둥건물 꼭대기",967,2091,false
7,0,"나무위",522,1751,false
7,0,"큰나무 위",222,1541,false
7,0,"섬에 있는 나무 위",424,1375,false
7,0,"나무 위",216,1083,false
7,0,"아래 몬스터들 있는 나무 위",1208,1232,false
7,0,"",1236,1321,false
7,0,"",1307,824,false
7,0,"",1158,842,false
7,0,"숲길 옆에 있는 나무 위",1217,985,false
3,0,"나무 옆",1278,920,false
7,0,"큰나무 위",1288,902,false
3,0,"언덕 거의 끝 부분 나무 옆",1347,870,false
7,0,"유산(바람개비) 근처 돌담 위",1017,797,false
3,0,"새알있는 나무 아래",1152,835,false
7,0,"죽어가는 나무 위에 2개",993,591,false
7,0,"돌언덕에 붙어 있는 집 지붕 끝단",1344,659,false
7,0,"퍼즐부근 큰바위 위 ",1777,567,false
7,0,"등대 꼭대기",1534,427,false
11,0,"",1568,455,false
11,0,"",1576,435,false
7,0,"등대 올라가는 계단 왼쪽 아래 나무위",1561,404,false
3,0,"돌무더기 부수기",1531,404,false
3,0,"등대 바로 아래 발굴상자 (랜턴과 삽보임)",1517,418,false
7,0,"돌섬 위",1507,367,false
3,0,"큰배 옆 작은배 아래 물속 그물안에 상자",1409,443,false
3,0,"던전안 상자 - 도적단의 보물지도 달열쇠1개",650,1177,false
3,0,"던전 안 상자 - 달열쇠1개",1404,1137,false
3,0,"던전 안 상자 - 달열쇠1개",804,1374,false
3,0,"던전 안 상자 - 달열쇠1개",1318,1937,false
3,0,"던전 안 상자 2개 - 달열쇠2개",1713,1805,false
3,0,"던전 안 상자2개 - 달열쇠 2개",2088,1501,false
3,0,"던전 안 상자4개 - 달열쇠 4개",624,3073,false
3,0,"보물지도상자 - 고블린도적단동굴 던전에서 획득한 지도 (여신석1 달열쇠1 4성카르마)",1349,1026,false
3,0,"던전 안 상자 - 경계자의 보물지도 달열쇠1",1194,2644,false
5,0,"미니게임 - 마멋 15마리 잡기",2719,3612,false
3,0,"망루 아래",2695,3702,false
8,0,"",2690,3691,false
8,0,"",2630,3473,false
10,0,"",2737,3447,false
10,0,"",2755,3450,false
3,0,"던전 안 상자 - 달열쇠1개",2429,3402,false
3,0,"던전 안 상자 - 달열쇠1개",3150,3013,false
3,0,"던전 안 상자2개 - 달열쇠 2개",2766,3602,false
3,0,"던전 안 상자 - 달열쇠1개",2891,3919,false
3,0,"경계자의 보물지도 상자 - 망루 꼭대기 (여신석1 달열쇠1)",1409,2946,false
3,0,"워프 근처 수풀에",2248,2893,false
3,0,"다리 밑",2197,2765,false
3,0,"물속 바위 틈",2271,2769,false
3,0,"바위섬 옆에 떠있음",1950,894,false
3,0,"부서져서 반만 떠있는 배 물아래",496,1971,false
5,0,"미니게임 - 마멋 5마리 찾기",1424,791,false
1,0,"지역임무 - 디온스 돕기",1306,2701,false
1,0,"지역임무 - 아가씨 구하기",2525,3660,false
3,0,"몬스터 처치 후",2613,3641,false
3,0,"부셔지는 상자들 사이에",2602,3651,false
3,0,"몬스터 처치 후",2846,3443,false
7,0,"옆으로 뻗은 큰가지 쭉 올라가다보면",3462,3329,false
3,0,"옆으로 뻗은 큰가지 쭉 올라가다보면 새알 옆",3471,3329,false
3,0,"꼭대기 수정 바로 아래",3418,3394,false
1,0,"지역임무 - 아가씨 구하기",3201,3481,false
10,0,"",3222,3494,false
8,0,"",2987,3480,false
10,0,"",3156,3498,false
10,0,"",1127,733,false
10,0,"",1144,762,false
3,0,"건물 뒤쪽 ",784,1834,false
3,0,"나무들 사이",1409,1017,false
13,0,"",3368,3355,false
13,0,"",3372,3345,false
13,0,"",3406,3322,false
13,0,"",3398,3319,false
10,0,"",2949,3531,false
10,0,"",2662,3474,false
15,0,"",2489,3051,false
11,0,"",1296,2709,false
11,0,"",1301,2707,false
16,0,"",1387,2680,false
16,0,"",1374,2701,false
14,0,"",1471,2635,false
13,0,"",1448,2704,false
13,0,"",1480,2711,false
13,0,"",970,2625,false
5,0,"미니게임 - 사냥꾼피해 도착지점도달",964,2614,false
14,0,"",869,2669,false
16,0,"",833,2609,false
13,0,"",871,2633,false
13,0,"",873,2614,false
16,0,"",871,2578,false
16,0,"",2520,2230,false
16,0,"",2529,2222,false
13,0,"",2451,2367,false
13,0,"",2445,2380,false
16,0,"",2394,1603,false
16,0,"",2373,1604,false
16,0,"",2373,1624,false
11,0,"",2255,1579,false
11,0,"",2216,1609,false
13,0,"",2157,1654,false
13,0,"",1945,1623,false
3,0,"절벽 아래",1802,1648,false
11,0,"",1805,1655,false
14,0,"",1756,1589,false
16,0,"",1709,1613,false
16,0,"",1715,1587,false
16,0,"",1687,1587,false
16,0,"",1594,1563,false
16,0,"",1567,1544,false
16,0,"",1560,1558,false
14,0,"",1550,1484,false
13,0,"",1636,1655,false
13,0,"",1620,1669,false
13,0,"",1656,1751,false
13,0,"",1643,1742,false
14,0,"",1550,1727,false
14,0,"",1552,1737,false
14,0,"",1518,1697,false
11,0,"",1478,1655,false
11,0,"",1498,1631,false
13,0,"",1560,1626,false
9,0,"",1569,1640,false
14,0,"",1440,1511,false
14,0,"",1430,1521,false
13,0,"",1893,1431,false
9,0,"",2203,1493,false
10,0,"",2115,1508,false
10,0,"",2134,1549,false
13,0,"",1689,2044,false
13,0,"",1694,2022,false
15,0,"",1709,1948,false
15,0,"",1802,1958,false
5,0,"미니게임 - 시간내 비행하기",1797,1969,false
15,0,"",1415,2218,false
14,0,"",1390,2239,false
16,0,"",1434,2293,false
16,0,"",1472,2339,false
13,0,"",1528,2361,false
13,0,"",1508,2312,false
13,0,"",1433,2383,false
14,0,"",1485,2368,false
14,0,"",1285,2322,false
11,0,"",1152,2306,false
9,0,"",1190,2274,false
14,0,"",225,1557,false
14,0,"",225,1544,false
13,0,"",300,1470,false
13,0,"",291,1465,false
11,0,"",340,1449,false
11,0,"",379,1447,false
16,0,"",376,1496,false
14,0,"",400,1496,false
14,0,"",420,1486,false
15,0,"",424,1471,false
14,0,"",1335,1028,false
14,0,"",1078,1462,false
14,0,"",1081,1477,false
3,0,"바위 옆 작은 수풀에",1471,676,false
7,0,"잔해 건물 꼭대기",1473,746,false
13,0,"",1486,770,false
13,0,"",1495,749,false
13,0,"",1493,736,false
15,0,"",1936,753,false
3,0,"발굴상자 - 높은곳의 보물지도 여신석1개 들어있음",3183,3684,false
16,0,"",3275,3513,false
16,0,"",3197,3512,false
8,0,"",3195,3534,false
14,0,"",3390,3331,false
14,0,"",3434,3359,false
16,0,"",2759,3285,false
3,0,"보물지도(높은곳의보물지도)상자 - 탑 꼭대기 아래 전망대 같은 공간(여신석1 달열쇠1 카스텔라 전용카르마1)",742,2025,false
16,0,"",327,1472,false
16,0,"",1361,2664,false
1,0,"지역임무 - 킁킁이 처치",1790,2204,false
3,0,"나무 옆",1495,890,false
14,0,"",1512,885,false
14,0,"",1505,910,false
15,0,"",738,506,false
7,0,"",210,1097,false
14,0,"",222,1092,false
14,0,"",202,1084,false
4,0,"바루두크 집으로 들어가서 안쪽에",653,249,false
3,0,"물위에 떠있음",2574,2793,false
3,0,"물속 부서진 건물 잔해 옆",2635,2552,false
3,0,"나무옆 수풀에 가려져 있음",2348,2243,false
13,0,"",2110,1744,false
13,0,"",2089,1723,false
13,0,"",2113,1707,false
10,0,"",2312,2004,false
12,0,"",429,364,false
12,0,"",422,366,false
12,0,"",412,392,false
12,0,"",418,384,false
12,0,"",404,390,false
12,0,"",408,379,false
8,0,"",2259,3565,false
8,0,"",2140,3615,false
3,0,"요새내부로 들어가서 왼쪽길로 가다보면 아래 창고같은 반지하 공간에 있음",2069,2623,false
3,0,"요새내부로 들어가서 왼쪽길로 가다보면 아래 창고같은 반지하 공간에 있음",2039,2610,false
3,0,"요새 내부로 들어가자마자 나오는 공간 오른쪽에",2076,2567,false
14,0,"",1062,1017,false
14,0,"",1085,1012,false
9,0,"",928,373,false
9,0,"",2139,2001,false
3,0,"부서진 다리 끝 수풀사이에",2195,1987,false
3,0,"지역임무 엔피씨 웰던있는 던덕에서 바다쪽으로 한칸 아래",276,1638,false
3,0,"부서진 배 잔해물 있는곳 아래 물속",1098,311,false
3,0,"작은 바위섬 옆에 물위에 떠있음",131,1638,false
3,0,"보물지도상자(고지대의보물지도) - 여신석1 달열쇠1 류트전용카르마1 (스토리에서 침식된 지하묘지 클리어하면 고지대의 보물지도 보상으로 줌)",1012,3765,false
2,0,"돌발임무 - xxx 처치 (스토리중 신전 최하층 진입후 큰나무가 있는 근처 벽부시고 안쪽으로 들어가서 계단올라간뒤 나오는 공간 바로 오른쪽뒤 계단 다시 올라가서 한층 더 올라가면 있음)",1993,3605,false
1,0,"지역임무 - 유령돕기 (신전 정문으로 좀 올라가다보면 무덤표시 뜸)(",1999,3527,false
3,0,"부서진 건물 위층에 상자",2184,3277,false
15,0,"",2209,3316,false
5,0,"미니게임 - 마멋 15마리 잡기 (아래 부서진 건물 1층 바닥에 지하로 내려가는 문열고 들어가면 있음)",2189,3318,false
1,0,"지역임무 - 유령돕기 (무덤 위치는 현재 유령위치에서 4시방향으로 가면 절벽밑에 한단 낮은 절벽있음 거기에 무덤)",2190,3284,false
6,0,"발판퍼즐 - 나무뒤에 돌있고 부서진건물위에 돌있음",2199,3264,false
11,0,"",2203,3086,false
11,0,"",2190,3073,false
11,0,"",2167,3059,false
10,0,"",2135,3096,false
3,0,"몬스터 처치 후 ",2119,3116,false
10,0,"",2059,3159,false
3,0,"몬스터 처치 후",2030,3147,false
3,0,"건물 틈새",2069,3564,false
3,0,"큰나무 뒤",1973,3573,false
10,0,"",2063,3258,false
3,0,"부서진 고기수레 앞",2041,3252,false
3,0,"바위더미 옆",2086,3308,false
3,0,"몬스터 처치 후",2116,3311,false
3,0,"몬스터 처치 후",2064,3396,false
16,0,"",2054,3327,false
16,0,"",2025,3313,false
3,0,"",1895,3281,false
13,0,"",1896,3320,false
13,0,"",1873,3347,false
3,0,"몬스터 처치 후",1933,3444,false
3,0,"나무 사이에",2040,3440,false
3,0,"부서진 입구 위에",2043,3516,false
3,0,"부서진 기둥위",1994,3628,false
3,0,"상자2개 - 아래하나 위하나 (몬스터 처치 후)",2101,3611,false
3,0,"건물 위쪽 - 몬스터 처치 후",2115,3586,false
3,0,"건물 젤 높은곳 - 몬스터 처치 후",2049,3647,false
6,0,"기둥 미는 퍼즐",1971,3585,false
3,0,"건물 내부 - 신전스토리 초반 바깥 수색할때 지나다니다 보임",2028,3595,false
3,0,"지하 내려가는 중간 - 몬스터 처치 후",1999,3580,false
3,0,"지하 내려가는 중간 안쪽에 책장들 사이",2023,3586,false
3,0,"신전 스토리 완료후 - 지하 내려오자 마자 오른쪽 방 (몬스터 처치 후)",2041,3549,false
3,0,"스토리 완료 후 - 지하 내려오자마자 오른쪽방 안쪽 구석에 무너진 벽 안에 상자",2022,3516,false
3,0,"지하로 내려가서 왼쪽방 - 스토리 완료 후 생성됨",2041,3629,false
3,0,"지하 내려가자마자 왼쪽방에서 위로 올라가는 계단쪽으로 가면 나옴 - 스토리 후에 올라가는 문 열려있음",2055,3646,false
3,0,"지하내려오면 레버있던 방 정면 2층",2069,3593,false
3,0,"지하내려오면 레버있던방 바로 오른쪽 2층",2024,3574,false
3,0,"워프 건너편 방 들어가자 마자 오른쪽 공간",2023,3556,false
3,0,"워프 건너편방 중앙 - 몬스터 처치후 (스토리 끝나고 와야 나옴)",2040,3534,false
3,0,"워프있는쪽 방 중앙 - 몬스터 처치 후(스토리 끝나고 와야 상자생김)",2048,3626,false
3,0,"워프있는쪽 방 들어서자마자 오른쪽 부서진 벽 안에",2056,3604,false
3,0,"워프있는쪽 방 철창 안에",2033,3640,false
2,0,"돌발임무 - 인도하는 젤무어 처치 (신전 스토리 끝낸뒤 나옴 > 최하층 던전입구 있는 넓은 방에 있음)",2046,3615,false
3,0,"신전 최하층 책장들 사이 끝방에",2065,3639,false
3,0,"신전 최하층 책장들 사이 끝방에",2021,3534,false
3,0,"신전 최하층 레버 있던 자리 (신전스토리 완료후 와야 있음)",2039,3521,false
3,0,"돌발 최초 보상상자 - 여신석1 (돌발보스 및 주변 몬스터 처치후 획득가능) > 신전 스토리 완료후에 생성됨",2044,3608,false
3,0,"던전 앞 철문 옆",2057,3675,false
3,0,"신전 최하층 나무있는곳 근처 구멍 안쪽",2062,3571,false
4,0,"신전 최하층 나무 근처 구멍 안쪽 작은 방",2020,3600,false
3,0,"최하층 나무 근처 벽부수고 들어가면 막다른 삼거리 왼쪽에",1988,3589,false
3,0,"최하층 나무근처 벽부수고 쭉 들어가서 계단 올라가면 나오는 방에",1993,3634,false
3,0,"최하층 나무근처 벽부수고 쭉 들어가서 계단 올라가면 나오는 방 바로 오른쪽 벽 2층 구멍뚫린곳 몹잡으면 획득가능",2006,3637,false
3,0,"최하층 나무근처 벽부수고 쭉 들어가서 계단 올라가면 나오는 방에 정면에 왼쪽계단으로 올라가서 통로 끝에",1973,3627,false
3,0,"최하층 나무근처 벽부수고 쭉 들어가서 계단 올라가면 나오는 방에 천장에 메달려있는 널판지 위에",1987,3633,false
3,0,"상자2개 - 돌발임무 최초보상상자(여신석1 달열쇠1) & 일반상자 ",1993,3595,false
4,0,"돌발보상상자 있던곳 뒤쪽 구멍으로 내려오면 획득 가능",1987,3589,false
10,0,"",807,2313,false
11,0,"",877,3123,false
11,0,"",910,3158,false
11,0,"",841,3159,false
11,0,"",817,3172,false
11,0,"",793,3190,false
11,0,"",844,3136,false
3,0,"부서진 벽 위",836,3138,false
3,0,"나무 옆",893,3098,false
11,0,"",895,3209,false
1,0,"지역임무 - 나무상자 회수 (워프 옆 지하유적)",844,3142,false
12,0,"동굴안쪽",1066,3389,false
12,0,"동굴안쪽",1069,3383,false
12,0,"동굴 안쪽",1107,3373,false
9,0,"동굴 안쪽에서 아래로 떨어지면 물있는곳",1071,3355,false
5,0,"미니게임 - 마멋 15마리 잡기 활캐릭 필요 (동굴 안쪽에서 아래로 떨어지면 보이는 물가 근처)",1110,3306,false
3,0,"동굴안쪽 아래로 떨어지면 보이는 물속 구멍으로 잠수해서 길따라가다보면 중간에 올라갈 수 있는 곳으로 올라오면 상자",1077,3390,false
9,0,"동굴안쪽 아래로 떨어지면 보이는 물속 구멍으로 잠수해서 길따라가다보면 막다른길에 위로 올라가면 공간있음",1074,3434,false
12,0,"동굴안쪽 아래로 떨어지면 보이는 물속 구멍으로 잠수해서 길따라가다보면 막다른길에 위로 올라가면 공간있음",1082,3435,false
6,0,"기둥 옮기기 퍼즐 - 동굴안쪽 아래로 떨어지면 보이는 물속 구멍으로 잠수해서 길따라가다보면 막다른길에 위로 올라가면 나오는 공간에 있음",1069,3452,false
4,0,"여신상 계단 앞",1009,3463,false
10,0,"",1007,3450,false
10,0,"",1024,3445,false
3,0,"돌산 위",1043,3691,false
3,0,"발굴상자 - 산 중턱",1197,3740,false
5,0,"미니게임 - 마멋 5마리 찾기 (산중턱)",1192,3719,false
3,0,"돌산 위",958,3690,false
3,0,"발굴상자 - 산 위",948,3570,false
5,0,"미니게임 - 마멋 15마리 잡기 (산 위)",920,3617,false
3,0,"유산(바람개비) 옆",816,3759,false
11,0,"",819,3775,false
11,0,"",793,3789,false
3,0,"몬스터 처치 후",688,3912,false
3,0,"움푹 들어간곳 안에",621,3938,false
3,0,"",522,3864,false
10,0,"",534,3880,false
10,0,"",509,3901,false
3,0,"",551,3939,false
10,0,"",481,4029,false
10,0,"",540,4025,false
10,0,"",518,4038,false
10,0,"",510,4040,false
3,0,"",487,4036,false
10,0,"",482,4049,false
3,0,"",613,4027,false
3,0,"부러진 나무 옆",912,3696,false
12,0,"",1457,3613,false
1,0,"지역임무 - 땅을 가르는 크레그모 처치 (웰던)",1450,3593,false
2,0,"돌발임무 - 땅을 가르는 크레그모 처치",1435,3591,false
12,0,"동굴 안쪽",1428,3545,false
9,0,"",1428,3554,false
9,0,"동굴안쪽 물있는곳",1445,3567,false
9,0,"",1439,3572,false
3,0,"상자2개 - 돌발 & 주변몹 처치후",1427,3577,false
5,0,"미니게임 - 시간내 비행하기 (동굴 안쪽 돌발임무 공간근처)",1419,3598,false
3,0,"몬스터 처치 후",1534,3292,false
3,0,"보물지도상자 - 안개속의 보물지도 (여신석1, 달열쇠1, 아리아전용카르마1 > 메인스토리 67번 보상)",2118,3761,false
3,0,"다리위 상자 3개 - 가운데상자 여신석1개 (다리위 모든 몬스터 처치 후 획득가능)",2114,3755,false
10,0,"",807,2313,false
11,0,"",877,3123,false
11,0,"",910,3158,false
11,0,"",841,3159,false
11,0,"",817,3172,false
11,0,"",793,3190,false
11,0,"",844,3136,false
3,0,"부서진 벽 위",836,3138,false
3,0,"나무 옆",893,3098,false
11,0,"",895,3209,false
12,0,"동굴안쪽",1066,3389,false
12,0,"동굴안쪽",1069,3383,false
12,0,"동굴 안쪽",1107,3373,false
9,0,"동굴 안쪽에서 아래로 떨어지면 물있는곳",1071,3355,false
5,0,"미니게임 - 마멋 15마리 잡기 활캐릭 필요 (동굴 안쪽에서 아래로 떨어지면 보이는 물가 근처)",1110,3306,false
3,0,"동굴안쪽 아래로 떨어지면 보이는 물속 구멍으로 잠수해서 길따라가다보면 중간에 올라갈 수 있는 곳으로 올라오면 상자",1077,3390,false
9,0,"동굴안쪽 아래로 떨어지면 보이는 물속 구멍으로 잠수해서 길따라가다보면 막다른길에 위로 올라가면 공간있음",1074,3434,false
12,0,"동굴안쪽 아래로 떨어지면 보이는 물속 구멍으로 잠수해서 길따라가다보면 막다른길에 위로 올라가면 공간있음",1082,3435,false
6,0,"기둥 옮기기 퍼즐 - 동굴안쪽 아래로 떨어지면 보이는 물속 구멍으로 잠수해서 길따라가다보면 막다른길에 위로 올라가면 나오는 공간에 있음",1069,3452,false
10,0,"",1007,3450,false
10,0,"",1024,3445,false
3,0,"돌산 위",1043,3691,false
3,0,"발굴상자 - 산 중턱",1197,3740,false
5,0,"미니게임 - 마멋 5마리 찾기 (산중턱)",1192,3719,false
3,0,"돌산 위",958,3690,false
3,0,"발굴상자 - 산 위",948,3570,false
5,0,"미니게임 - 마멋 15마리 잡기 (산 위)",920,3617,false
3,0,"유산(바람개비) 옆",816,3759,false
11,0,"",819,3775,false
11,0,"",793,3789,false
3,0,"몬스터 처치 후",688,3912,false
3,0,"움푹 들어간곳 안에",621,3938,false
3,0,"",522,3864,false
10,0,"",534,3880,false
10,0,"",509,3901,false
3,0,"",551,3939,false
10,0,"",481,4029,false
10,0,"",540,4025,false
10,0,"",518,4038,false
10,0,"",510,4040,false
3,0,"",487,4036,false
10,0,"",482,4049,false
3,0,"",613,4027,false
3,0,"부러진 나무 옆",912,3696,false
12,0,"",1457,3613,false
12,0,"동굴 안쪽",1428,3545,false
9,0,"",1428,3554,false
9,0,"동굴안쪽 물있는곳",1445,3567,false
9,0,"",1439,3572,false
3,0,"상자2개 - 돌발 & 주변몹 처치후",1427,3577,false
5,0,"미니게임 - 시간내 비행하기 (동굴 안쪽 돌발임무 공간근처)",1419,3598,false
3,0,"몬스터 처치 후",1534,3292,false
3,0,"보물지도상자 - 안개속의 보물지도 (여신석1, 달열쇠1, 아리아전용카르마1 > 메인스토리 67번 보상)",2118,3761,false
3,0,"다리위 상자 3개 - 가운데상자 여신석1개 (다리위 모든 몬스터 처치 후 획득가능)",2114,3755,false
3,0,"발굴상자 (나무옆)",874,4052,false
3,0,"",774,4147,false
9,0,"",683,4561,false
9,0,"",731,4514,false
3,0,"몬스터 처치 후",743,4543,false
3,0,"여신석1 - 몬스터 처치 후",737,4544,false
2,0,"돌발임무 - 모라갈퀴 드라그스 처치",675,4592,false
9,0,"",673,4623,false
3,0,"상자2개 - 돌발 및 주변몬스터 처치 후",652,4605,false
3,0,"발굴상자 - 큰나무 앞",861,4472,false
3,0,"몬스터 처치 후",805,3937,false
3,0,"고목 앞",901,3914,false
6,0,"발판 퍼즐",922,3922,false
12,0,"동굴 안쪽 ",1050,3727,false
12,0,"동굴 안쪽",1034,3690,false
3,0,"동굴안쪽 - 잔류 웜 청소구역(거대웜둥지) 입구 뒤쪽길 (몬스터 처치 후)",1005,3646,false
12,0,"잔류 웜 청소구역(거대웜둥지) 던전 입구 옆",1045,3662,false
12,0,"잔류 웜 청소구역(거대웜둥지) 던전 입구 옆",1049,3660,false
12,0,"잔류 웜 청소구역(거대웜둥지) 던전 입구 옆",1045,3645,false
3,0,"잔류 웜 청소구역(거대웜둥지) 던전 앞쪽에 길로 들어가면 있음 (몬스터 처치 후 획득)",1081,3696,false
3,0,"발굴 상자 - 잔류 웜 청소구역(거대웜둥지) 던전 입구 뒤쪽길 젤 안쪽에 있음",976,3616,false
3,0,"길 옆 산올라가는쪽 푹파인 구덩이 안에",1117,3989,false
3,0,"여신석1개 - 몬스터 처치 후",1157,4046,false
3,0,"산 올라가는 중턱 구덩이 파인곳 안에",1218,4090,false
3,0,"나무 옆에",1284,3934,false
3,0,"몬스터 처치 후",1402,3895,false
3,0,"몬스터 처치 후",1367,3725,false
6,0,"발판 퍼즐 - 큰나무 옆, 돌산쪽 버섯앞 돌있음",1540,3736,false
3,0,"발굴 상자 - 돌산 위",1583,4018,false
3,0,"주변 몬스터 있음",1566,3890,false
9,0,"",1560,3882,false
1,0,"지역임무 - 타일러 도와주기",1356,3794,false
3,0,"몬스터 처치 후",1471,3806,false
1,0,"지역임무 - 타일러 도와주기",1662,3915,false
10,0,"",1737,3964,false
1,0,"지역임무 - 타일러 도와주기",1289,3294,false
3,0,"발굴상자 - 동굴 안쪽 바닥으로 뚫링 구멍으로 아래쪽 내려가다 중간에 있음 (스토리 76번 진행시 지나가다 획득가능)",1147,3525,false
12,0,"잔류 웜 청소구역(거대웜둥지) 던전 입구 정면 2층",1089,3653,false
12,0,"잔류 웜 청소구역(거대웜둥지) 던전 입구 위쪽",1029,3639,false
12,0,"",1030,3656,false
3,0,"발굴 상자 - 잔류 웜 청소구역(거대웜둥지) 던전 입구 위쪽",1027,3648,false
3,0,"발굴 상자",1335,3770,false
3,0,"보물지도상자 - 여신석1개 달열쇠1개 카스텔라전용카르마1 막힌길의보물지도 들어있음 (스토리 78번[진룡처치] 완료 후 획득가능)",1294,3739,false
2,0,"돌발임무 - 공허의 어스름 노르 처치",2055,3923,false
3,0,"돌발임무 최초 보상상자 - 여신석1개",2054,3894,false
5,0,"미니게임 - 마멋 15마리 잡기 (아리아추천) > 여신상 뒤쪽 아래",2125,3984,false
2,0,"돌발임무 - 희미한 장막 쉐르 처치하기",2198,3917,false
3,0,"돌발임무 최초 보상상자 - 여신석1개",2202,3902,false
3,0,"보물지도상자(막힌길의보물지도) - 여신석1개 달열쇠1개 4성카르마1개 > 스토리 78번완료후 받은 보물지도 상자 열고 먹은 보물지도임",2321,3940,false
3,0,"건물 사이",707,1899,false
7,0,"지붕과 나무구조물 붙어있는 곳",666,1886,false
7,0,"지붕위",759,1970,false
11,0,"",663,1433,false
15,0,"",582,1492,false
15,0,"",652,1512,false
3,0,"나무 천막 아래",1049,1913,false
7,0,"",1784,1592,false
3,0,"특성던전 들어가는 길목 옆 언덕 올라가면 수풀에 가려져 있음",1730,1652,false
3,0,"꼭대기에",994,1949,false
3,0,"성당 외부 2층? 난간",987,2048,false
15,0,"",1478,1932,false
3,0,"몬스터 처치 후",1652,2325,false
3,0,"",1703,2360,false
3,0,"파란 천막뒤 나무구조물 2층에",2011,2576,false
1,0,"지역임무 - 아가씨 구하기",2094,3069,false
3,0,"몬스터 처치 후",728,3124,false
10,0,"",739,3160,false
3,0,"몬스터 처치 후",690,3177,false
10,0,"",690,3165,false
6,0,"기둥 옮기는 퍼즐",608,3243,false
9,0,"",1203,2189,false
9,0,"",1207,2185,false
16,0,"",1140,1039,false
3,0,"나무 앞",1083,3101,false
6,0,"발판퍼즐 - 퍼즐 중앙 나무위에 돌1개 근처 나무 뿌리쪽에 돌1개",1120,3088,false
3,0,"몬스터 처치 후",1180,2983,false
3,0,"발굴상자",1209,2909,false
11,0,"",1205,2884,false
1,0,"지역임무 - 병사 도와주기",909,3292,false
3,0,"몬스터 처치 후",822,3362,false
3,0,"물있는 부분 위쪽",667,3318,false
3,0,"몬스터 처치 후",682,3340,false
9,0,"",684,3357,false
11,0,"",529,3417,false
11,0,"",487,3429,false
11,0,"",496,3369,false
3,0,"몬스터 처치 후",511,3377,false
9,0,"",537,3500,false
9,0,"",533,3475,false
3,0,"몬스터 처치 후",541,3469,false
3,0,"길 옆에 움푹 들어간 구멍 안에",647,3424,false
3,0,"몬스터 처치 후 - 여신석1개",700,3512,false
5,0,"미니게임 - 시간내 비행하기",773,3604,false
11,0,"",768,3772,false
5,0,"미니게임 - 마멋 5마리 찾기",774,3760,false
3,0,"유산(바람개비) 근처 부서진 돌벽 젤 높은곳",777,3772,false
3,0,"바위에 분은 고목 뿌리 끝에",709,3655,false
1,0,"지역임무 - 아가씨 구하기",640,3669,false
3,0,"발굴 상자 - 돌산 위에",502,3662,false
3,0,"몬스터 처치 후",627,3737,false
6,0,"발판퍼즐 - 퍼즐 근처 큰 고목 위에 돌1개 고목아래 버섯에 돌1개",594,3631,false
3,0,"몬스터 처치 후",559,3546,false
3,0,"큰 고목 앞",590,3830,false
2,0,"돌발임무 - 야성의 날개 바르곤 처치",492,3980,false
3,0,"",458,3914,false
3,0,"돌발임무최초보상상자 - 여신석1개",493,3997,false
3,0,"제단 뒤에 상자",496,4068,false
3,0,"큰 고목 아래",760,3928,false
3,0,"나무 사이",1676,3390,false
1,0,"지역임무 - 병사 도와주기",2294,3826,false
5,0,"미니게임 - 마멋 20마리 잡기 (아리아 추천)",2273,3771,false
2,0,"돌발임무 - 눌러붙은 점액 프렁크 처치",1868,3883,false
3,0,"돌발최초보상상자",1879,3904,false
9,0,"",1858,3903,false
9,0,"",1863,3863,false